primary_type,hour,is_weekend,geo_cluster_kmeans,tsne_1,tsne_2
BATTERY,14,False,6,-20.080242,2.1233182
ASSAULT,14,False,1,-41.740658,-51.520935
THEFT,6,False,3,19.087215,-5.434996
CRIMINAL DAMAGE,20,False,2,-11.554302,-37.643646
DECEPTIVE PRACTICE,10,False,0,36.841812,-19.6891
BATTERY,21,True,2,-33.220417,24.387066
BURGLARY,10,True,4,1.0933421,55.83629
MOTOR VEHICLE THEFT,5,False,2,-21.362474,-57.576763
LIQUOR LAW VIOLATION,17,False,0,23.516573,9.181641
ASSAULT,7,False,3,29.385696,-30.933088
CRIMINAL DAMAGE,5,True,3,-12.231169,35.107605
CRIMINAL DAMAGE,20,False,4,53.82103,-27.366999
BURGLARY,13,False,0,37.09296,-48.71608
THEFT,1,False,2,-27.537354,-13.545678
DECEPTIVE PRACTICE,17,False,3,37.240616,-35.287598
MOTOR VEHICLE THEFT,0,False,2,-20.62101,-57.016567
THEFT,1,False,4,-14.466376,-26.42705
THEFT,11,False,2,-39.074593,-0.4538721
THEFT,17,False,0,33.04105,-0.5576102
BURGLARY,0,False,6,30.556574,-38.75749
BATTERY,12,False,2,-19.507227,-41.396004
ASSAULT,11,False,4,7.078367,19.849346
WEAPONS VIOLATION,22,True,3,33.921604,38.44146
ASSAULT,14,False,2,-21.266195,-65.096825
THEFT,8,True,4,0.7572688,77.583664
MOTOR VEHICLE THEFT,7,False,6,25.43301,-41.4117
MOTOR VEHICLE THEFT,3,False,3,41.74561,-36.757565
BATTERY,20,False,1,-60.90038,0.03446935
ROBBERY,23,True,0,13.849355,55.424053
OTHER OFFENSE,9,False,1,-29.085243,-19.529522
OTHER OFFENSE,16,False,2,-24.495714,-21.902697
CRIMINAL DAMAGE,14,True,0,12.458873,52.63265
BURGLARY,14,False,2,-8.338519,-42.368206
THEFT,5,True,4,1.3276036,79.05072
NARCOTICS,23,True,6,28.932678,41.951126
BATTERY,8,False,6,-0.91327655,18.859976
BATTERY,7,False,4,-26.47804,3.5494897
THEFT,19,False,0,31.351738,2.5293849
NARCOTICS,12,False,1,39.084373,23.258945
BATTERY,0,True,1,-46.723743,33.2027
CRIMINAL DAMAGE,16,False,6,27.33716,-28.83309
THEFT,18,False,1,-38.659466,-23.291706
OTHER OFFENSE,0,True,2,-36.61908,68.14763
BATTERY,21,True,3,-9.9584055,30.454636
ROBBERY,3,False,4,53.797207,-34.797344
THEFT,18,False,1,-31.216732,-16.766508
THEFT,14,False,5,-42.120346,-24.204903
BATTERY,1,False,1,7.996729,15.089503
BURGLARY,18,False,5,-42.081505,-54.41671
ASSAULT,2,True,5,-23.470541,53.515034
MOTOR VEHICLE THEFT,9,False,3,47.994434,-42.342525
CRIMINAL TRESPASS,1,False,4,36.117706,-22.258749
CRIMINAL TRESPASS,19,False,2,-12.121596,-64.556656
BATTERY,19,False,3,25.394625,-29.849464
BATTERY,17,True,6,-0.34024656,27.369368
THEFT,21,True,1,-42.287113,53.769638
BATTERY,15,False,6,29.820284,-28.53051
THEFT,3,False,4,-6.302704,-5.7267632
ASSAULT,12,True,2,-24.787071,50.116932
BATTERY,18,True,0,-15.351062,26.336243
BATTERY,16,True,0,11.496635,50.69919
BATTERY,11,False,4,-4.8333187,-63.30907
OTHER OFFENSE,7,False,5,-37.996895,-27.234922
BATTERY,10,False,5,-45.167507,-50.497223
BATTERY,15,False,5,-38.440125,-50.451374
BATTERY,2,False,3,-16.034887,7.085541
NARCOTICS,9,True,1,-10.9597645,68.888664
OTHER OFFENSE,1,True,0,-21.739317,36.409527
BATTERY,20,True,4,0.54641795,59.594273
CRIMINAL DAMAGE,12,False,5,-21.01728,-41.61986
CRIMINAL DAMAGE,7,False,4,-11.945269,-44.759144
CRIMINAL TRESPASS,9,False,2,-13.030019,-59.2936
THEFT,20,False,1,43.97417,21.614
THEFT,14,True,6,9.499914,74.30568
THEFT,9,False,3,29.139782,-11.611865
THEFT,15,False,2,-25.050827,-18.473415
WEAPONS VIOLATION,0,False,4,5.027541,-40.1134
BATTERY,15,True,1,-35.13178,26.22304
CRIMINAL DAMAGE,15,False,4,-7.329083,-64.18668
BATTERY,16,False,0,26.429996,-32.8825
ROBBERY,1,False,2,-24.136877,-55.911182
HOMICIDE,23,False,1,-31.025795,-61.13472
CRIMINAL DAMAGE,18,True,2,-22.950466,48.449745
CRIMINAL DAMAGE,10,False,1,-13.868419,-58.72727
THEFT,11,False,4,5.555376,-25.41168
BATTERY,1,True,1,-44.594093,51.040657
MOTOR VEHICLE THEFT,17,False,6,30.274143,-59.333073
THEFT,20,False,4,30.879381,0.85846525
DECEPTIVE PRACTICE,15,True,6,6.441147,64.886505
BURGLARY,21,True,5,-20.133307,62.71678
DECEPTIVE PRACTICE,14,False,4,10.78753,-51.90457
BATTERY,9,False,1,-56.090054,-33.621487
CRIMINAL DAMAGE,8,False,1,-17.174519,-41.766636
BATTERY,21,False,4,-3.1970284,-63.806507
BATTERY,14,False,1,-57.85961,-32.57208
CRIMINAL DAMAGE,10,False,6,-18.389627,9.325474
CRIMINAL DAMAGE,22,False,4,-7.233906,-63.353275
CRIMINAL SEXUAL ASSAULT,15,True,4,-13.849487,72.43929
DECEPTIVE PRACTICE,0,False,2,-9.730627,-53.91999
DECEPTIVE PRACTICE,9,False,3,40.198856,-32.14215
BATTERY,3,True,1,-45.23189,31.93259
OTHER OFFENSE,15,False,6,5.519449,-15.080224
CRIMINAL SEXUAL ASSAULT,0,True,6,5.9888372,43.976913
BATTERY,9,True,2,-25.154896,71.49013
DECEPTIVE PRACTICE,0,False,0,37.904785,-21.3993
BATTERY,12,False,1,-58.692837,-6.98291
CRIMINAL DAMAGE,21,False,0,51.634647,-16.796446
ASSAULT,18,False,2,33.75834,18.864902
MOTOR VEHICLE THEFT,13,False,3,28.421236,-58.03364
OTHER OFFENSE,22,False,2,-23.23105,-19.207508
BURGLARY,14,False,0,37.076965,-49.830776
BATTERY,10,True,1,-45.63532,37.28285
BATTERY,11,False,0,47.221924,-25.385012
WEAPONS VIOLATION,15,False,5,45.675518,31.925097
THEFT,18,False,3,-6.743533,3.1773548
CRIMINAL DAMAGE,1,False,3,34.8443,-27.564749
CRIMINAL DAMAGE,10,False,0,17.099737,9.080376
WEAPONS VIOLATION,22,True,1,31.94052,32.3432
THEFT,18,False,3,12.333184,-2.0369985
CRIMINAL DAMAGE,17,False,5,37.12887,14.407612
DECEPTIVE PRACTICE,9,False,6,48.352665,-43.576008
ASSAULT,10,True,0,22.240005,46.769962
WEAPONS VIOLATION,0,True,5,30.200085,35.541073
CRIMINAL TRESPASS,18,False,6,25.002104,-48.982185
THEFT,13,False,1,46.444904,23.034258
MOTOR VEHICLE THEFT,17,True,3,67.1211,-4.436132
THEFT,14,True,6,10.8973465,73.27476
THEFT,18,False,3,21.118774,-11.592618
BURGLARY,14,False,1,-19.719612,-41.10647
NARCOTICS,12,False,6,54.312275,13.798535
THEFT,11,False,3,15.727653,-7.113576
WEAPONS VIOLATION,12,False,1,45.781025,31.828875
WEAPONS VIOLATION,0,False,1,46.0735,30.84347
BURGLARY,0,False,5,-31.430136,-47.718487
BURGLARY,14,False,0,48.028862,-17.530022
THEFT,15,False,4,-4.8596377,-13.012905
THEFT,15,False,3,13.874648,-5.305094
WEAPONS VIOLATION,21,False,1,44.06381,31.753569
THEFT,18,False,6,22.52011,-10.503448
ROBBERY,1,True,0,2.8512604,45.751984
BATTERY,10,False,6,-20.713564,11.0461235
NARCOTICS,11,False,6,54.622005,14.299369
OTHER OFFENSE,17,False,3,-6.414479,1.5339155
BATTERY,12,False,3,61.361515,9.485693
THEFT,11,False,2,-25.747513,-14.441409
CRIMINAL DAMAGE,0,False,0,37.660076,-22.597038
CRIMINAL DAMAGE,18,False,1,-51.439804,-34.991646
THEFT,3,True,2,-37.392437,67.98916
INTERFERENCE WITH PUBLIC OFFICER,23,False,0,66.14486,16.17427
BATTERY,17,False,4,28.834515,-53.9459
BATTERY,23,True,2,-30.484663,25.882326
BATTERY,0,True,2,4.9071093,29.475994
CRIMINAL TRESPASS,11,True,4,23.531124,45.128773
ASSAULT,11,False,4,-10.754915,-43.852806
BURGLARY,2,False,6,43.41573,-33.6742
MOTOR VEHICLE THEFT,13,True,2,-20.77409,71.60385
BATTERY,5,False,6,-20.060472,9.175717
BATTERY,0,False,4,5.65579,-52.626743
SEX OFFENSE,3,False,6,51.279625,34.591965
BURGLARY,10,True,2,-22.97196,48.80997
PUBLIC PEACE VIOLATION,14,True,4,26.997856,31.337364
MOTOR VEHICLE THEFT,23,True,0,12.626012,54.06919
BATTERY,22,True,2,-48.758778,28.573757
BATTERY,16,True,4,23.010626,35.36454
CRIMINAL DAMAGE,1,False,2,-48.41657,6.5234666
CRIMINAL TRESPASS,0,True,3,-2.3872442,51.085365
BATTERY,17,False,6,55.046795,11.943175
BATTERY,11,False,2,-62.687954,5.918051
ASSAULT,20,False,2,8.880796,19.48069
CRIMINAL DAMAGE,20,False,0,40.491703,-51.024853
THEFT,13,False,4,29.265953,-1.7318215
ASSAULT,19,True,0,11.042274,48.142506
BURGLARY,1,False,1,-30.892075,-50.81193
MOTOR VEHICLE THEFT,23,False,1,-34.152023,-57.50774
DECEPTIVE PRACTICE,10,True,6,6.714693,53.335762
BURGLARY,0,False,6,24.506737,-27.143478
NARCOTICS,20,False,6,59.63886,26.21935
THEFT,17,False,3,20.754713,-9.858879
CRIMINAL DAMAGE,20,False,4,9.3456955,-57.428493
MOTOR VEHICLE THEFT,12,False,0,47.384575,-33.44399
ROBBERY,21,False,2,-28.471703,-60.310207
LIQUOR LAW VIOLATION,17,False,4,60.34118,21.001564
THEFT,10,False,4,34.520454,-3.4817204
MOTOR VEHICLE THEFT,23,False,5,-45.74903,-43.656395
CRIMINAL DAMAGE,6,True,0,2.2407024,48.597168
BATTERY,11,False,1,7.0829563,18.935122
BATTERY,19,False,0,-2.177577,16.890896
MOTOR VEHICLE THEFT,21,False,0,55.72721,-25.45054
CRIMINAL TRESPASS,18,False,4,48.825695,-14.0248375
MOTOR VEHICLE THEFT,2,True,5,-27.618738,61.640636
THEFT,9,False,3,22.219885,-13.1525545
THEFT,9,False,5,-36.769512,-23.199017
CRIMINAL TRESPASS,9,False,5,-38.662663,-43.95348
SEX OFFENSE,0,True,4,-18.630043,51.907158
OTHER OFFENSE,19,False,2,-45.740795,-4.666897
ASSAULT,21,False,5,-42.461155,-52.663048
OTHER OFFENSE,5,False,2,-47.087944,-6.6551714
ASSAULT,0,True,3,-14.571369,32.8812
THEFT,16,False,4,-2.91027,-13.881975
OTHER OFFENSE,20,True,5,15.201768,29.15738
HOMICIDE,12,False,1,-31.033033,-61.15989
BATTERY,20,False,0,51.59571,-23.584063
CRIMINAL DAMAGE,7,False,5,-35.481094,-45.18969
BURGLARY,0,False,4,24.295511,-26.733675
WEAPONS VIOLATION,21,False,1,48.935402,31.217398
BURGLARY,5,False,0,44.320984,-34.113255
THEFT,13,False,2,-26.780617,-16.557972
THEFT,0,False,0,6.1815877,-22.41171
THEFT,18,False,1,-38.90154,0.5165298
BATTERY,22,False,2,8.378731,19.91445
OTHER OFFENSE,17,False,0,33.70905,0.17940077
BURGLARY,13,False,6,30.160887,-48.119595
DECEPTIVE PRACTICE,12,False,3,33.167038,-21.099152
OTHER OFFENSE,13,False,0,-4.013217,3.4683342
BATTERY,8,True,2,-32.091743,27.747194
ASSAULT,14,True,1,7.3731623,26.812382
BATTERY,13,False,4,-0.37122467,14.002232
THEFT,16,False,6,12.75114,-5.36399
CRIMINAL DAMAGE,20,False,2,-15.799577,-36.44389
BATTERY,18,True,4,-12.4079,28.453428
ROBBERY,0,True,1,-26.324276,67.07214
WEAPONS VIOLATION,21,False,3,52.64426,30.254385
THEFT,17,False,6,8.978172,-6.0452704
WEAPONS VIOLATION,20,False,6,16.936136,-41.15045
ASSAULT,11,False,4,44.16047,-24.775387
DECEPTIVE PRACTICE,15,True,4,-1.2600691,66.292
CRIMINAL DAMAGE,12,False,1,-39.84096,-40.176056
OTHER OFFENSE,1,True,3,-23.682638,34.898476
BATTERY,0,False,3,-16.167135,7.284543
THEFT,9,False,5,-35.74397,-21.191006
WEAPONS VIOLATION,0,True,4,18.806005,43.17994
MOTOR VEHICLE THEFT,23,False,1,-34.82079,-56.73913
BATTERY,14,True,5,-42.479885,29.48443
THEFT,11,True,2,-32.74388,51.020267
MOTOR VEHICLE THEFT,22,False,1,-12.311125,-68.598114
BATTERY,13,True,3,-0.8750194,29.663351
BATTERY,9,True,6,-13.122766,32.733776
THEFT,12,False,1,-38.22687,-23.906862
BATTERY,14,False,3,-19.498278,11.289346
BATTERY,15,False,2,-44.500378,11.632302
MOTOR VEHICLE THEFT,23,False,6,40.739117,-52.60119
BURGLARY,17,True,4,0.44253474,58.926052
BATTERY,11,False,2,-48.154366,12.966439
BURGLARY,5,False,6,43.84542,-39.12917
MOTOR VEHICLE THEFT,12,False,2,-10.724793,-67.622604
WEAPONS VIOLATION,21,True,5,32.995003,36.13277
BATTERY,8,False,2,-12.633289,-42.78276
THEFT,20,False,4,29.24262,1.2713199
THEFT,14,True,4,16.097502,72.40964
OTHER OFFENSE,16,False,6,-7.8668113,2.286373
DECEPTIVE PRACTICE,14,False,6,19.657076,-27.560612
DECEPTIVE PRACTICE,11,False,2,-9.238255,-59.299732
THEFT,8,False,2,-14.557629,-20.3741
DECEPTIVE PRACTICE,14,False,1,-19.90145,-33.382793
DECEPTIVE PRACTICE,13,False,5,-38.05478,-42.363884
BATTERY,0,False,6,30.9639,-38.5452
BURGLARY,0,True,4,-28.25746,72.39301
BATTERY,19,False,3,38.17937,-46.95482
CRIMINAL TRESPASS,0,False,3,26.837015,-22.705963
NARCOTICS,20,False,6,57.273346,24.746578
MOTOR VEHICLE THEFT,21,False,2,-15.075785,-72.09008
MOTOR VEHICLE THEFT,0,False,4,25.661282,-39.40524
DECEPTIVE PRACTICE,0,False,1,-28.363853,-45.97357
THEFT,12,True,4,-20.874908,35.38306
THEFT,11,False,1,-29.620953,-19.676842
OTHER OFFENSE,11,False,0,33.46509,-10.311476
BATTERY,12,False,4,29.377554,-49.47616
BURGLARY,21,True,6,2.6149144,58.97758
THEFT,21,False,6,12.895268,-18.514889
DECEPTIVE PRACTICE,11,False,4,21.769526,-23.498955
THEFT,14,False,4,4.216859,-25.132252
OTHER OFFENSE,13,False,4,41.684906,25.333858
THEFT,21,True,0,11.685842,70.043335
BATTERY,1,False,4,-17.798483,4.073361
ASSAULT,12,True,1,-45.641495,37.362072
MOTOR VEHICLE THEFT,20,False,4,55.651768,-26.744986
DECEPTIVE PRACTICE,18,False,1,-12.221558,-64.362305
BATTERY,11,False,1,35.884476,17.114641
BURGLARY,3,False,0,44.462982,-34.909084
THEFT,18,True,2,-31.65587,50.588013
BATTERY,9,True,1,-47.03288,30.605879
BATTERY,6,False,4,58.990814,9.635349
BATTERY,21,False,4,23.485842,-33.297657
ASSAULT,7,False,0,48.1523,-28.435886
THEFT,19,False,6,5.9353685,-13.157348
MOTOR VEHICLE THEFT,23,False,2,-4.7694783,-40.797447
ASSAULT,18,True,0,12.291955,51.46879
DECEPTIVE PRACTICE,16,True,5,-25.020786,60.003937
MOTOR VEHICLE THEFT,21,False,6,30.336494,-59.176468
THEFT,11,False,3,67.83168,-6.5128555
THEFT,15,False,2,-24.935814,-21.435223
CRIMINAL DAMAGE,11,False,5,-37.347027,-44.971
INTERFERENCE WITH PUBLIC OFFICER,12,True,1,-43.094646,51.8709
THEFT,14,False,0,25.356264,-1.2612275
ASSAULT,14,True,5,-21.93655,61.73547
BATTERY,15,False,4,-4.728301,-66.90377
OTHER OFFENSE,10,False,1,45.42322,21.93318
BATTERY,23,False,5,-39.510166,8.366269
INTERFERENCE WITH PUBLIC OFFICER,23,True,4,24.750431,41.758614
SEX OFFENSE,20,False,4,0.9367084,-46.249607
BATTERY,12,True,2,-31.755533,27.151512
CRIMINAL DAMAGE,9,False,5,-42.17159,4.975071
BURGLARY,20,False,1,-13.778082,-37.033443
THEFT,12,False,6,8.860555,-12.353353
OTHER OFFENSE,22,True,4,10.743353,67.077896
THEFT,14,False,4,29.063751,-7.2099423
THEFT,8,False,2,-30.07006,-19.201649
BATTERY,16,False,5,34.42052,20.811478
MOTOR VEHICLE THEFT,12,False,4,6.0001774,-35.320236
BATTERY,20,False,6,-21.10797,3.3234267
ASSAULT,20,False,5,-60.170223,-0.35919774
BATTERY,20,False,4,61.09714,12.70768
ASSAULT,0,False,2,-58.113823,7.459967
MOTOR VEHICLE THEFT,18,False,4,25.107328,-58.671223
DECEPTIVE PRACTICE,8,False,0,46.85091,-15.548183
THEFT,17,False,2,-30.32273,-14.721343
OFFENSE INVOLVING CHILDREN,11,False,2,-50.515594,12.805912
ASSAULT,16,False,2,45.614933,15.199806
BURGLARY,18,False,3,29.55265,-25.536472
CRIMINAL DAMAGE,19,False,1,-41.30541,5.975828
THEFT,19,False,4,6.1450777,-26.967422
THEFT,9,False,5,-35.845543,-25.540659
OTHER OFFENSE,18,False,1,39.389862,28.450289
OTHER OFFENSE,11,False,0,-4.1842327,3.8052983
CRIMINAL DAMAGE,19,True,6,0.6363911,64.590515
ROBBERY,6,True,6,1.3462976,27.446983
BATTERY,17,False,6,24.470661,-32.35355
SEX OFFENSE,16,False,2,-27.537535,-59.825596
CRIMINAL DAMAGE,21,False,2,-12.129251,-62.23389
BURGLARY,15,False,0,48.633656,-18.246122
ASSAULT,22,True,0,22.318577,47.21287
MOTOR VEHICLE THEFT,19,True,5,-19.384169,64.22011
CRIMINAL TRESPASS,18,False,5,40.353382,29.321371
OTHER OFFENSE,9,False,2,-14.505115,-23.576782
ASSAULT,21,False,4,33.42203,19.3433
BATTERY,17,False,1,-8.294387,-43.271164
ASSAULT,17,False,2,-20.032051,-68.46576
THEFT,20,False,4,29.238768,-4.824693
BATTERY,18,False,2,-7.887052,-66.99617
BATTERY,0,False,3,31.094717,-37.44413
THEFT,12,False,1,45.885784,22.321268
INTERFERENCE WITH PUBLIC OFFICER,22,True,1,25.834356,32.765644
BATTERY,4,False,0,47.771233,-29.199575
NARCOTICS,22,False,6,58.241524,26.270567
BATTERY,4,True,4,-3.993675,65.23263
ASSAULT,2,True,1,-26.909138,69.13866
BATTERY,10,True,1,-34.733273,27.154547
ROBBERY,23,True,5,-14.568752,66.670876
ARSON,21,False,5,-46.37458,-52.048416
OTHER OFFENSE,1,False,2,-28.255074,-24.875853
OTHER OFFENSE,19,False,4,-23.894558,-13.829869
OTHER OFFENSE,18,True,4,-1.2484876,78.33942
MOTOR VEHICLE THEFT,21,False,6,46.589725,-48.222176
DECEPTIVE PRACTICE,17,True,4,-23.334087,77.02802
BATTERY,23,True,1,-21.37041,63.030037
BATTERY,15,False,5,7.9321117,17.638472
BATTERY,14,False,6,-2.1734004,18.698639
OTHER OFFENSE,0,False,2,-13.769769,-25.4768
BATTERY,10,False,2,-61.918926,5.786355
BATTERY,11,False,3,71.256996,-7.547378
THEFT,17,False,4,51.73458,19.789968
ASSAULT,13,True,3,-17.82648,28.323315
WEAPONS VIOLATION,9,True,6,-8.689454,47.274506
BATTERY,16,False,3,-19.933748,12.128869
ASSAULT,22,True,2,-46.319294,27.953365
BURGLARY,5,False,4,11.435092,-35.37801
THEFT,21,True,0,14.118839,68.599976
BATTERY,8,False,0,-15.117397,7.1938515
OTHER OFFENSE,8,False,3,18.078712,-8.419085
THEFT,9,False,0,35.870396,-5.1066146
THEFT,18,False,3,24.926792,-14.068547
OTHER OFFENSE,19,False,0,-4.88694,-0.8837099
BATTERY,0,False,1,-18.401676,-54.67557
ASSAULT,12,False,1,-19.644176,-63.809208
BATTERY,19,False,2,34.79885,17.451271
OTHER OFFENSE,17,False,1,-31.53895,-18.137852
THEFT,10,False,3,19.038633,-6.0733986
ROBBERY,16,False,2,-2.3173182,-60.389664
BATTERY,23,True,1,-36.845383,26.779198
DECEPTIVE PRACTICE,18,False,5,-39.351395,-45.577095
BATTERY,21,False,2,-42.462124,13.126278
OTHER OFFENSE,19,True,4,24.925585,30.673433
BATTERY,11,True,3,22.985765,40.70565
THEFT,11,False,0,22.519146,11.451552
CRIMINAL DAMAGE,0,True,6,-11.383833,50.63762
OTHER OFFENSE,10,True,2,-37.652977,35.095818
THEFT,21,False,6,5.9786057,-13.389686
THEFT,19,False,6,9.500437,-6.5873847
THEFT,12,False,3,13.254501,-5.234808
THEFT,0,False,4,-27.10466,-13.312603
DECEPTIVE PRACTICE,16,False,0,21.991423,-22.817524
DECEPTIVE PRACTICE,10,False,6,29.68006,-21.028057
BURGLARY,18,False,3,39.58943,-47.773174
BATTERY,0,False,2,-49.12484,7.3543196
CRIMINAL DAMAGE,2,False,4,23.449984,-43.897564
CRIMINAL DAMAGE,0,False,5,-25.416586,-41.347576
CRIMINAL TRESPASS,20,True,4,23.513458,44.975857
ASSAULT,12,True,1,-23.45958,69.4848
BATTERY,15,False,5,-41.15039,-50.944366
THEFT,16,False,0,33.06083,-5.605269
BATTERY,19,False,6,8.31739,-36.36778
OTHER OFFENSE,7,False,1,-36.838863,-24.552704
CRIMINAL TRESPASS,8,True,4,23.217169,44.811882
ASSAULT,12,False,2,-23.13719,-63.42071
CRIMINAL DAMAGE,15,False,1,-13.977711,-62.400497
ASSAULT,3,True,5,-26.854313,61.414814
BURGLARY,17,False,0,48.784725,-18.46162
ASSAULT,0,False,6,30.974575,-38.25513
MOTOR VEHICLE THEFT,17,False,5,-35.340977,-54.258884
BATTERY,16,True,1,-42.31004,50.604614
CRIMINAL DAMAGE,22,False,2,-17.052929,-72.95134
OTHER OFFENSE,9,True,2,-35.872032,34.23095
DECEPTIVE PRACTICE,0,False,5,-30.840559,-45.8947
INTERFERENCE WITH PUBLIC OFFICER,18,False,4,64.15708,15.161576
DECEPTIVE PRACTICE,17,False,5,-39.331432,-45.968105
BATTERY,18,False,5,-42.496292,-54.4209
BURGLARY,0,False,2,-16.672848,-54.533264
BURGLARY,14,False,3,44.817852,-46.04999
OTHER OFFENSE,9,False,3,-7.16253,3.113398
ASSAULT,15,False,6,25.347763,-29.786213
THEFT,11,False,0,32.80444,-3.6438825
BATTERY,7,True,5,5.211634,27.26199
PUBLIC PEACE VIOLATION,2,True,4,1.9909351,79.68977
THEFT,17,True,1,-38.672302,63.10767
BATTERY,12,False,1,7.2339115,19.061943
THEFT,12,False,2,-15.660007,-23.847248
CRIMINAL DAMAGE,1,True,3,1.782979,49.05635
ASSAULT,21,True,0,11.82691,50.65107
ASSAULT,9,False,3,36.11215,-44.88633
THEFT,2,False,0,36.93598,-7.0831523
ASSAULT,17,True,0,-11.585474,30.454218
THEFT,12,False,4,-3.0292594,-15.256798
BATTERY,13,True,1,-35.22567,28.481455
ASSAULT,14,False,2,-10.943736,-39.632584
THEFT,18,False,4,35.71196,-0.56682265
BURGLARY,4,False,0,16.91182,8.587679
DECEPTIVE PRACTICE,0,False,6,20.877028,-44.81602
THEFT,16,False,3,26.246666,21.727495
BATTERY,23,True,3,-18.64974,26.106464
THEFT,17,False,5,-41.313133,-18.308142
CRIMINAL DAMAGE,20,False,6,32.107883,-57.086945
OTHER OFFENSE,10,False,5,-43.819897,-24.00574
CRIMINAL DAMAGE,15,True,6,5.080536,60.741142
CRIMINAL DAMAGE,7,False,3,37.850086,-43.172134
ROBBERY,0,True,6,1.6445327,43.097588
CRIMINAL DAMAGE,19,False,4,7.195093,-34.434765
BATTERY,1,False,1,-45.675488,5.6629343
OTHER OFFENSE,7,False,1,-48.3475,-4.7736216
BATTERY,18,False,6,-2.096671,18.943653
THEFT,16,False,6,6.909973,-8.259698
ASSAULT,18,False,6,59.615376,10.679086
THEFT,11,False,0,26.66941,-1.6624912
THEFT,16,True,1,-42.52433,53.78616
CRIMINAL DAMAGE,2,False,3,47.529133,-39.961388
DECEPTIVE PRACTICE,21,False,4,49.22078,-13.44752
DECEPTIVE PRACTICE,7,False,5,-35.92103,-46.323124
NARCOTICS,15,False,1,39.40661,23.457523
WEAPONS VIOLATION,14,True,2,31.95801,32.39598
ASSAULT,15,True,5,-22.709219,54.388664
CRIMINAL SEXUAL ASSAULT,4,False,0,-20.381802,-1.4423891
CRIMINAL TRESPASS,9,False,2,-13.162323,-60.035835
WEAPONS VIOLATION,19,False,2,45.802917,33.47196
ASSAULT,14,True,5,-22.34289,61.491386
HOMICIDE,3,True,5,-16.557955,59.008015
ASSAULT,22,False,1,-61.7923,0.3403583
THEFT,6,False,2,11.572034,24.869299
CRIMINAL DAMAGE,18,False,2,42.891235,16.954683
CRIMINAL DAMAGE,21,False,4,12.645621,-51.63062
ROBBERY,8,True,5,30.100004,35.43744
CRIMINAL TRESPASS,14,False,4,12.807594,-50.132423
MOTOR VEHICLE THEFT,0,False,3,30.100594,-40.770214
THEFT,15,False,2,-15.579575,-20.757734
THEFT,22,False,1,-51.994778,-25.007126
DECEPTIVE PRACTICE,13,False,4,53.21053,-28.518213
MOTOR VEHICLE THEFT,1,True,1,-44.54144,51.33357
BURGLARY,9,False,6,30.98064,-47.179855
BATTERY,23,True,6,-9.65895,29.386509
DECEPTIVE PRACTICE,14,False,4,12.270923,-50.8228
THEFT,0,True,1,-32.31274,55.091255
BATTERY,1,False,2,5.1214023,19.881538
MOTOR VEHICLE THEFT,2,False,6,5.0261865,-38.626766
BATTERY,18,False,3,-2.6977475,17.44373
BATTERY,20,False,0,51.56968,-22.869177
ROBBERY,14,True,2,-16.682323,72.122986
DECEPTIVE PRACTICE,0,False,0,39.030956,-20.835627
ASSAULT,4,False,6,35.115887,-44.380375
OTHER OFFENSE,3,False,6,13.461518,-9.538052
OTHER OFFENSE,14,False,5,-51.15469,-8.833356
OTHER OFFENSE,19,False,2,43.200768,20.392998
OTHER OFFENSE,7,False,2,-47.982105,-4.0100045
BATTERY,0,False,1,35.051468,22.683382
THEFT,14,False,3,13.362348,-4.7240496
THEFT,12,False,0,26.27518,-1.8738145
THEFT,15,True,6,8.80609,74.682335
NARCOTICS,1,False,6,57.319637,20.28761
OTHER OFFENSE,22,False,0,11.274389,8.4641075
NARCOTICS,0,False,1,37.82077,23.73856
BURGLARY,18,True,6,4.48938,58.75785
CRIMINAL DAMAGE,0,False,0,37.993675,-21.675291
THEFT,21,True,5,-29.91184,55.529243
CRIMINAL DAMAGE,14,False,5,-39.460426,-41.74717
BATTERY,2,False,4,-26.358625,3.304228
CRIMINAL TRESPASS,11,False,4,65.20837,29.284004
BATTERY,14,True,6,-1.7067863,27.674053
BATTERY,12,False,1,-57.962837,0.057077195
OTHER OFFENSE,0,False,6,-2.173982,1.5376496
BATTERY,15,True,1,-19.313286,61.33779
ROBBERY,9,True,6,2.817703,43.397736
MOTOR VEHICLE THEFT,12,False,6,46.365417,-42.152447
CRIMINAL DAMAGE,23,False,5,-40.568237,-46.690945
BURGLARY,20,False,0,8.840574,-36.389935
THEFT,17,False,2,41.635555,21.023958
THEFT,15,True,4,-0.44197378,78.59172
THEFT,11,False,4,51.92065,21.4264
WEAPONS VIOLATION,21,True,2,33.040016,33.86689
BATTERY,23,False,6,-24.52121,10.72129
THEFT,21,False,4,34.68804,-0.2339391
THEFT,10,False,4,-19.885782,-16.893606
BATTERY,19,True,4,0.68119395,29.567633
MOTOR VEHICLE THEFT,8,False,0,47.117073,-31.40579
BURGLARY,19,False,6,34.932423,-50.93943
THEFT,22,False,0,12.066915,-4.15991
BURGLARY,19,True,1,-24.388721,54.28273
OTHER OFFENSE,15,True,6,30.263414,42.108826
MOTOR VEHICLE THEFT,5,True,6,0.47458842,46.84793
THEFT,19,True,4,14.064538,72.23571
CRIMINAL DAMAGE,18,False,6,26.97223,-34.81066
THEFT,3,True,3,12.862321,78.36965
BATTERY,2,False,6,-18.674976,3.0388508
CRIMINAL DAMAGE,17,False,1,-56.363316,-31.539118
THEFT,16,False,0,33.515747,-0.71868044
BATTERY,2,False,5,-32.151783,-42.10258
ASSAULT,8,False,1,-18.510784,-62.695972
BURGLARY,18,False,2,-18.240393,-72.3653
OTHER OFFENSE,16,False,3,-2.8795526,-2.1299765
BATTERY,10,False,5,-20.707804,-36.36432
CRIMINAL DAMAGE,15,False,6,26.274292,-54.660126
BATTERY,8,False,1,4.586467,21.281227
BATTERY,11,True,4,-5.369959,74.62466
NARCOTICS,9,True,6,27.529264,41.11586
THEFT,15,True,0,-20.807331,37.403236
ASSAULT,9,True,6,-9.83833,52.274086
CRIMINAL TRESPASS,7,False,3,70.56774,-6.5664086
THEFT,15,False,4,51.45542,18.96393
BATTERY,20,False,2,-42.193993,12.609057
CRIMINAL DAMAGE,14,False,3,41.00258,-45.115974
BATTERY,13,False,6,-2.393246,17.941189
KIDNAPPING,20,True,2,-14.963462,71.86758
NARCOTICS,11,True,6,26.985697,41.308838
DECEPTIVE PRACTICE,9,False,0,36.331165,-20.135565
BATTERY,7,True,4,-20.81942,28.940283
BATTERY,15,False,4,-16.979391,11.909528
BATTERY,12,False,0,15.885941,10.185516
THEFT,14,False,2,-15.918836,-21.266987
CRIMINAL DAMAGE,20,False,4,51.46093,-20.894375
THEFT,14,False,4,34.14157,-8.190133
THEFT,15,False,4,30.657177,-3.3278406
BATTERY,19,True,5,-44.402363,29.314909
BATTERY,12,False,4,-7.574973,-50.44924
BATTERY,14,True,6,-19.380053,27.515667
BATTERY,20,True,5,-36.62258,25.721104
THEFT,22,False,0,27.653976,-9.163279
CRIMINAL DAMAGE,13,False,6,35.590687,-35.639233
THEFT,0,False,6,6.1796813,-22.421171
ASSAULT,18,False,1,-58.0099,-32.610386
BATTERY,20,False,6,-20.635107,2.1397855
ASSAULT,18,False,4,-4.759274,-64.34411
BATTERY,6,True,2,-25.085566,70.549324
BATTERY,13,False,3,35.48884,-41.75261
CRIMINAL TRESPASS,22,False,4,-8.131282,-62.782703
MOTOR VEHICLE THEFT,18,False,1,-45.702084,-46.008312
CRIMINAL DAMAGE,1,False,3,34.657066,-27.418364
DECEPTIVE PRACTICE,9,False,4,12.212517,-50.137627
BURGLARY,23,False,6,24.17044,-32.69798
ROBBERY,11,False,1,-54.706036,-36.856583
STALKING,15,True,6,-20.199635,33.598164
OTHER OFFENSE,11,False,2,-15.105471,-19.695566
ASSAULT,16,True,4,0.6039943,59.379536
THEFT,12,False,4,4.788323,-27.760483
THEFT,0,False,2,-26.82831,-24.761057
CRIMINAL DAMAGE,1,False,0,44.817852,-29.29053
ROBBERY,13,False,2,-0.18226217,-45.943813
MOTOR VEHICLE THEFT,2,True,4,-30.733242,71.976036
OTHER OFFENSE,17,False,6,5.33347,-14.846857
THEFT,21,False,0,35.108135,0.93242776
CRIMINAL TRESPASS,16,False,1,-41.94901,1.548601
CRIMINAL DAMAGE,12,False,4,49.778397,-19.308151
BURGLARY,0,False,4,-9.158466,-52.708897
BATTERY,6,True,2,-46.220203,31.447897
CRIMINAL TRESPASS,18,True,5,-27.526579,53.86578
THEFT,8,False,2,-27.143253,-15.7957115
BATTERY,18,True,5,-44.130577,29.324562
OTHER OFFENSE,21,True,3,-17.16861,37.765205
BURGLARY,19,True,6,-19.24987,26.737411
MOTOR VEHICLE THEFT,23,False,1,-15.699737,-72.70943
BATTERY,19,False,2,-45.06404,12.798144
CRIMINAL DAMAGE,2,False,2,-11.725889,-54.628197
DECEPTIVE PRACTICE,10,False,0,47.28578,-14.995347
NARCOTICS,21,False,3,62.18511,24.844025
NARCOTICS,11,False,2,44.369286,19.436169
ASSAULT,18,False,5,-21.540617,-38.98444
ASSAULT,3,False,4,-8.876961,-52.00762
BATTERY,15,False,6,-21.537842,13.102371
BURGLARY,6,False,1,-27.350157,-51.937393
THEFT,10,False,4,27.416739,-11.595235
CRIMINAL TRESPASS,11,False,3,71.82648,-3.9232254
OTHER OFFENSE,19,False,5,-38.336,2.4469457
BATTERY,17,False,0,36.094925,-49.059486
BATTERY,0,False,0,64.49801,12.744067
NARCOTICS,22,False,5,47.93912,25.905619
CRIMINAL DAMAGE,14,False,5,-37.642567,-45.394848
BURGLARY,6,False,4,14.431995,-50.41141
NARCOTICS,20,False,6,59.533966,25.502218
ASSAULT,19,False,4,15.0020685,-52.785126
BATTERY,8,False,2,-45.503975,10.130502
CRIMINAL DAMAGE,19,False,6,32.079185,-57.09894
THEFT,7,False,2,-14.365188,-20.465424
CRIMINAL TRESPASS,15,False,6,61.918167,24.102684
BATTERY,1,False,5,-44.97104,7.2982225
THEFT,7,False,4,29.731983,-2.6381927
THEFT,8,False,4,-14.246091,-21.103186
NARCOTICS,16,False,3,57.482685,22.737822
CRIMINAL DAMAGE,20,True,1,-18.111612,67.059586
THEFT,0,False,2,-13.802492,-27.390823
CRIMINAL DAMAGE,20,False,3,-19.532263,14.315827
WEAPONS VIOLATION,23,True,6,14.199824,56.150833
THEFT,14,True,1,-40.044903,61.11673
BURGLARY,18,True,4,3.1728413,59.014565
BATTERY,20,False,3,-16.05776,2.1027665
THEFT,17,True,4,-1.1797276,79.51046
DECEPTIVE PRACTICE,0,False,4,24.045744,-24.915918
INTERFERENCE WITH PUBLIC OFFICER,13,False,6,54.499832,15.330443
ASSAULT,13,False,4,50.49252,-23.891487
OTHER OFFENSE,18,True,3,30.74163,42.3574
THEFT,21,False,2,-40.972717,-2.8320189
BATTERY,0,False,4,47.07325,13.596692
BURGLARY,7,False,4,14.629776,-50.359306
MOTOR VEHICLE THEFT,0,False,3,71.552345,-6.8775682
NARCOTICS,10,False,0,61.488598,15.713056
THEFT,14,True,1,-36.999844,59.071075
THEFT,8,False,1,-36.168163,-23.872524
MOTOR VEHICLE THEFT,3,False,3,46.450993,-37.54109
BATTERY,21,False,1,7.8127947,17.752178
BATTERY,16,False,4,14.262839,-53.24846
THEFT,20,False,2,-29.285269,-15.550659
BATTERY,11,False,4,60.833652,13.432034
BATTERY,13,True,4,6.323619,29.931145
THEFT,10,False,0,62.640293,20.379927
BURGLARY,15,True,6,4.9770246,57.348972
BATTERY,23,True,5,-20.965616,60.319736
ASSAULT,0,False,2,-48.466866,7.9120917
BATTERY,12,False,6,-19.555424,0.5652456
DECEPTIVE PRACTICE,0,False,0,38.176144,-21.305508
ASSAULT,19,False,2,-59.005806,0.50347996
DECEPTIVE PRACTICE,12,False,6,19.71531,-27.363447
MOTOR VEHICLE THEFT,18,True,6,-0.9364296,59.57068
BURGLARY,3,True,0,6.0690246,48.647396
ASSAULT,13,True,6,3.5678375,57.40608
CRIMINAL DAMAGE,12,False,1,-36.62265,-47.50774
OTHER OFFENSE,15,True,4,-0.48157933,77.77342
BATTERY,0,False,6,-18.476458,3.4202843
MOTOR VEHICLE THEFT,12,True,2,-20.665068,75.600075
ASSAULT,5,False,2,-15.628757,-57.462795
DECEPTIVE PRACTICE,11,False,4,-6.988043,-39.148895
ASSAULT,7,False,5,-20.411825,-39.557453
ROBBERY,23,True,6,13.278512,57.14562
ASSAULT,10,False,6,8.115819,-37.381783
BATTERY,3,True,0,5.5601163,49.119423
MOTOR VEHICLE THEFT,22,False,4,12.341163,-57.558746
THEFT,16,True,0,16.135239,69.63913
ASSAULT,19,True,0,-1.7434076,64.96973
BATTERY,15,False,1,-45.10238,-50.80652
THEFT,23,False,0,32.40565,-6.1169624
WEAPONS VIOLATION,2,True,4,30.850954,38.35296
MOTOR VEHICLE THEFT,22,False,2,-34.252007,-57.507465
BATTERY,13,False,5,-41.94634,8.803327
BURGLARY,4,True,3,-1.3181175,49.91935
CRIMINAL TRESPASS,8,False,4,8.56899,-50.18419
BURGLARY,5,False,6,30.373678,-43.87754
CRIMINAL DAMAGE,23,True,4,-22.385252,76.55636
SEX OFFENSE,9,False,4,54.83596,-33.57715
THEFT,12,False,3,-7.147129,2.8496523
BURGLARY,2,False,6,29.91391,-38.13252
ASSAULT,13,True,2,-24.530811,49.74509
BURGLARY,17,False,1,-38.63473,-49.51345
CRIMINAL DAMAGE,18,False,3,45.900646,-45.55606
BATTERY,9,False,3,-4.0771017,17.32255
BATTERY,16,False,2,-20.84584,-68.86615
MOTOR VEHICLE THEFT,4,True,1,-27.120344,71.16114
THEFT,15,True,5,-37.3743,58.74745
BURGLARY,20,False,6,30.454485,-56.15807
MOTOR VEHICLE THEFT,2,True,2,-26.492403,71.86383
ASSAULT,22,False,5,-41.26054,-55.23975
THEFT,12,False,4,-15.012555,-23.439623
DECEPTIVE PRACTICE,11,False,4,-6.9427648,-38.603416
THEFT,3,False,5,-37.266163,-27.054106
CRIMINAL DAMAGE,23,False,6,33.10587,-54.790882
CRIMINAL DAMAGE,0,True,3,-2.2663035,51.2395
THEFT,4,False,2,-14.007486,-25.51923
THEFT,2,True,0,19.343147,70.60709
BATTERY,13,False,2,-17.474377,-62.326023
CRIMINAL DAMAGE,7,False,4,9.667707,-52.892334
CRIMINAL TRESPASS,14,False,0,22.729527,11.528909
ROBBERY,23,True,3,15.108788,58.493156
BATTERY,9,True,0,3.5636282,56.249577
BURGLARY,3,False,0,47.062912,-30.148737
MOTOR VEHICLE THEFT,20,True,6,3.3807452,60.48311
CRIMINAL DAMAGE,17,False,0,50.923485,-16.696047
NARCOTICS,0,False,6,58.193645,19.886723
THEFT,16,False,2,39.4046,21.95901
BATTERY,6,True,4,-31.806427,26.715178
MOTOR VEHICLE THEFT,12,True,6,-1.2262481,55.645336
MOTOR VEHICLE THEFT,7,True,3,-2.3582628,53.26178
BATTERY,1,False,0,31.982943,-37.454994
ASSAULT,18,False,6,25.283825,-30.76686
THEFT,21,False,6,22.384007,-7.252265
BATTERY,15,True,6,-22.02749,26.451464
THEFT,0,False,5,-34.59118,-25.491795
THEFT,8,False,0,19.300602,12.467468
BATTERY,2,False,3,-18.153456,-1.6393346
THEFT,12,False,4,16.11635,-15.84633
BATTERY,21,False,4,-42.46411,13.554371
THEFT,4,False,2,-27.221127,-21.995708
BURGLARY,18,False,0,15.846489,8.609164
ROBBERY,2,True,4,6.418213,45.29319
MOTOR VEHICLE THEFT,3,True,6,-13.340636,34.824474
MOTOR VEHICLE THEFT,17,False,5,-46.27629,-46.530315
NARCOTICS,20,True,6,25.850494,42.275246
THEFT,19,False,4,51.36421,18.696848
CRIMINAL DAMAGE,11,False,3,68.06236,-7.42759
NARCOTICS,16,False,2,42.141006,21.68327
ASSAULT,1,True,3,-1.6093184,48.088974
CRIMINAL DAMAGE,6,False,6,44.195805,-39.00648
ASSAULT,21,False,6,31.04063,-52.172413
ASSAULT,8,True,6,1.6952511,54.84661
ROBBERY,22,False,2,8.71115,20.947678
BATTERY,0,False,3,-16.781666,4.6562986
CRIMINAL DAMAGE,21,False,0,35.074722,-33.232582
ASSAULT,16,False,4,58.81726,10.679806
THEFT,15,False,2,-22.623436,-20.293215
BATTERY,4,True,2,-47.701305,31.90179
WEAPONS VIOLATION,17,True,3,15.83251,57.72839
ASSAULT,19,False,0,-14.51829,11.9729
BATTERY,23,False,3,-20.945086,13.808847
ASSAULT,0,True,5,-27.372856,60.831963
WEAPONS VIOLATION,15,False,2,46.177658,33.20638
NARCOTICS,21,False,6,16.883516,-24.381996
BATTERY,16,False,5,-45.649197,-49.12972
ASSAULT,21,False,4,30.679228,-50.36725
ASSAULT,22,False,2,33.530178,18.777674
CRIMINAL TRESPASS,13,False,5,-37.29222,-46.18825
BATTERY,21,True,2,-18.143045,73.25882
DECEPTIVE PRACTICE,1,False,3,26.790144,-22.691648
THEFT,12,False,4,-2.612635,-15.706661
MOTOR VEHICLE THEFT,18,False,0,48.913338,-17.219696
BATTERY,14,False,0,46.058582,-21.607666
OTHER OFFENSE,15,False,4,4.933987,-27.31774
MOTOR VEHICLE THEFT,10,True,4,-0.044388317,55.712116
CRIMINAL DAMAGE,0,True,1,-28.838446,64.49009
ARSON,18,False,5,-40.898693,9.508056
MOTOR VEHICLE THEFT,12,True,6,-1.0963801,56.190323
THEFT,18,True,6,11.076696,74.22579
ASSAULT,9,False,2,-22.24774,-68.58693
ASSAULT,16,False,4,28.774422,-52.901615
BURGLARY,5,True,6,-1.5736467,52.11056
CRIMINAL SEXUAL ASSAULT,0,False,6,2.8819795,16.638647
BATTERY,1,False,5,-55.59712,1.1588229
BURGLARY,21,False,4,-45.46052,-53.68083
BATTERY,16,False,6,-21.90264,12.292379
BURGLARY,0,True,6,1.3130597,52.18933
CRIMINAL DAMAGE,17,False,1,-56.42142,-30.838535
ARSON,4,False,6,20.499834,-31.66711
CRIMINAL DAMAGE,16,False,3,-18.046955,1.3125829
MOTOR VEHICLE THEFT,21,True,4,-20.099834,73.471245
BATTERY,13,False,5,-39.32822,-51.365337
BATTERY,16,False,2,-47.579372,13.758152
THEFT,9,True,6,29.115307,44.474625
THEFT,4,False,6,10.886802,-13.058865
MOTOR VEHICLE THEFT,3,False,1,-17.48052,-42.701843
THEFT,7,True,2,-37.445557,67.00806
THEFT,11,False,4,-25.105797,-13.8932
BATTERY,0,False,1,-60.17128,6.9148483
MOTOR VEHICLE THEFT,9,True,1,-25.551432,63.867416
OTHER OFFENSE,14,False,1,-54.873722,-27.720707
OTHER OFFENSE,14,False,3,16.847504,-23.047585
NARCOTICS,19,False,2,42.14013,19.56767
ROBBERY,2,True,6,1.7023554,43.111553
CRIMINAL DAMAGE,14,False,2,-12.311774,-61.002052
BATTERY,23,False,0,-0.42450273,13.267719
THEFT,7,False,6,10.281519,-13.283701
MOTOR VEHICLE THEFT,21,False,0,53.24946,-19.755428
THEFT,5,False,4,10.970824,-10.759332
DECEPTIVE PRACTICE,12,False,2,-6.8067775,-58.736782
OTHER OFFENSE,1,True,1,-33.233288,55.132534
THEFT,18,False,0,19.301704,8.95456
CRIMINAL DAMAGE,21,False,2,-12.704088,-62.53471
MOTOR VEHICLE THEFT,23,False,1,-35.044727,-56.624195
BATTERY,0,False,5,5.076558,16.883804
HOMICIDE,19,False,2,-16.739418,-47.29451
BATTERY,17,False,4,25.017561,-32.848705
THEFT,12,False,6,12.460807,-6.0170097
BATTERY,1,False,0,44.524754,-35.064037
THEFT,13,True,4,16.785723,73.42921
BURGLARY,18,False,1,-13.590579,-36.45258
NARCOTICS,18,True,1,26.019817,32.733368
BATTERY,15,False,4,-20.103302,4.3708673
ASSAULT,16,True,2,-22.521252,63.673622
BATTERY,20,False,2,-42.23319,12.538907
BATTERY,10,True,4,-19.77252,28.290693
OTHER OFFENSE,3,False,5,-51.20578,-6.771297
BURGLARY,10,False,4,29.96924,-47.894012
OTHER OFFENSE,11,False,6,9.837906,-14.802853
ASSAULT,20,False,6,-18.721966,0.76271904
CRIMINAL DAMAGE,9,False,4,52.205933,-28.711739
OTHER OFFENSE,19,True,5,26.364285,32.61047
NARCOTICS,14,False,5,41.177456,25.157658
THEFT,22,False,3,22.174477,-8.127578
CRIMINAL SEXUAL ASSAULT,6,False,3,31.564371,-29.782038
CRIMINAL DAMAGE,15,True,5,-23.612183,55.399124
BATTERY,12,False,3,62.73295,9.52929
MOTOR VEHICLE THEFT,15,False,6,29.827972,-19.324097
CRIMINAL DAMAGE,0,False,0,29.341349,-38.336403
ASSAULT,18,False,5,-40.95212,-51.40951
THEFT,14,False,6,7.8459663,-11.873813
MOTOR VEHICLE THEFT,11,False,1,-33.586155,-54.081573
BATTERY,1,True,2,-28.703669,69.54327
THEFT,23,True,4,8.179522,73.498116
CRIMINAL DAMAGE,10,False,6,20.258528,-28.279432
PUBLIC PEACE VIOLATION,18,True,6,26.758875,42.664608
OTHER OFFENSE,16,False,5,-41.867638,-25.867891
CRIMINAL DAMAGE,14,False,6,26.059082,-53.46674
CRIMINAL DAMAGE,22,False,2,-7.5450335,-41.536804
MOTOR VEHICLE THEFT,20,True,1,-42.14924,51.689377
THEFT,3,False,0,30.172953,-10.489795
THEFT,9,True,0,25.106358,45.57983
THEFT,18,False,4,-6.218825,-4.6207237
BURGLARY,21,True,0,7.0773063,56.10353
THEFT,14,False,6,-4.9779115,-2.8934839
CRIMINAL DAMAGE,21,False,0,16.578667,9.937769
BURGLARY,13,False,3,62.856995,9.501547
DECEPTIVE PRACTICE,14,False,6,17.742378,-28.096375
THEFT,19,True,4,-38.35534,59.54401
BATTERY,15,False,0,47.867943,-21.690546
BATTERY,16,True,1,-46.008602,38.46577
BURGLARY,14,False,6,-22.238113,11.989599
OTHER OFFENSE,0,False,1,-32.89072,-22.294497
THEFT,18,False,0,31.778738,-5.805921
CRIMINAL TRESPASS,8,True,2,-25.70967,76.71651
THEFT,4,True,0,18.12248,65.70197
OTHER OFFENSE,10,True,2,10.267624,27.008572
ASSAULT,10,False,1,-18.536228,-40.280487
NARCOTICS,13,False,6,58.573517,22.617987
THEFT,8,False,0,35.05125,-3.349611
BATTERY,20,False,1,-17.471828,-67.11371
THEFT,12,False,0,32.47672,-8.722106
ASSAULT,18,False,4,-39.273167,-49.93244
MOTOR VEHICLE THEFT,23,True,5,-21.900234,56.738003
BATTERY,20,False,4,-4.824333,-64.4411
OTHER OFFENSE,10,True,6,26.743366,44.631725
NARCOTICS,20,False,2,42.51224,22.675304
ROBBERY,14,False,6,18.246826,-40.087566
THEFT,1,False,6,17.40035,-16.327358
CRIMINAL DAMAGE,14,True,3,6.2203274,60.184498
BATTERY,6,True,6,-12.66634,33.70903
BURGLARY,13,False,4,-5.6292276,-62.405804
CRIMINAL TRESPASS,18,False,6,18.642998,-28.889921
OTHER OFFENSE,11,False,1,-49.699173,-4.792591
MOTOR VEHICLE THEFT,14,False,5,-34.838337,-53.33952
CRIMINAL DAMAGE,15,False,1,-38.558228,-48.541992
CRIMINAL TRESPASS,14,False,4,9.0751,-30.754469
THEFT,15,False,6,19.602097,-18.096022
BATTERY,14,False,4,35.54614,-48.882496
WEAPONS VIOLATION,22,True,2,33.051945,34.000004
THEFT,18,False,6,4.151438,-24.660051
STALKING,12,False,2,-65.072296,-4.325165
THEFT,2,True,3,-21.666376,36.500603
CRIMINAL DAMAGE,21,True,3,9.656915,58.33149
STALKING,15,False,5,-37.993374,5.2876906
BATTERY,1,True,5,5.0411096,30.876356
THEFT,17,True,2,-37.48955,63.863743
ROBBERY,3,True,6,-13.683678,35.000004
DECEPTIVE PRACTICE,17,False,4,45.517605,-15.386817
DECEPTIVE PRACTICE,12,False,1,-13.203903,-34.99631
OTHER OFFENSE,11,False,6,8.715251,-8.47745
NARCOTICS,21,False,1,43.09891,21.996569
CRIMINAL DAMAGE,8,True,5,-35.728672,28.900404
SEX OFFENSE,9,False,4,5.080347,-40.095264
THEFT,21,False,2,-24.01536,-18.484245
DECEPTIVE PRACTICE,10,False,4,26.755112,-50.068947
BATTERY,12,False,4,-57.485115,3.679198
MOTOR VEHICLE THEFT,22,True,5,-21.917782,56.55831
BATTERY,20,False,4,-4.599142,-64.596725
THEFT,15,True,0,12.535281,68.91336
MOTOR VEHICLE THEFT,19,False,5,-46.319355,-44.257618
NARCOTICS,13,False,1,38.706356,16.21982
MOTOR VEHICLE THEFT,4,False,2,-18.927332,-57.693672
WEAPONS VIOLATION,16,True,2,32.870235,34.409462
OTHER OFFENSE,9,True,6,-16.001663,37.10269
NARCOTICS,19,False,6,57.4604,23.415337
MOTOR VEHICLE THEFT,16,True,4,-21.396076,76.11687
THEFT,10,False,1,-52.032776,-25.585478
DECEPTIVE PRACTICE,19,False,5,-39.833233,-44.88409
BATTERY,2,False,4,-13.229816,-44.464573
BATTERY,16,False,3,-15.588707,13.054015
BATTERY,3,True,4,20.288818,41.079765
ASSAULT,21,False,6,30.444061,-55.857887
BATTERY,11,True,5,-22.634483,54.392357
MOTOR VEHICLE THEFT,16,True,0,11.430248,54.700882
BATTERY,2,True,0,9.822805,46.523533
CRIMINAL TRESPASS,4,False,2,-14.775532,-55.04993
OTHER OFFENSE,17,False,4,-23.963917,-14.103052
BATTERY,20,True,1,-45.75742,38.37126
CRIMINAL DAMAGE,18,False,6,31.63852,-57.133503
BATTERY,21,False,5,-60.795547,-1.0887963
BURGLARY,5,False,1,-20.469604,-42.43926
THEFT,12,False,4,-2.469233,-15.025579
BATTERY,15,False,3,70.55476,-7.984334
ASSAULT,10,True,3,-2.7930167,47.860157
CRIMINAL DAMAGE,5,False,2,-8.850113,-34.78681
OTHER OFFENSE,21,True,6,27.25257,42.6126
BURGLARY,21,True,4,-4.7107544,77.4014
THEFT,21,True,4,-32.44082,50.224983
MOTOR VEHICLE THEFT,8,False,5,-34.7468,-49.592445
OTHER OFFENSE,19,True,3,-19.357357,37.247414
THEFT,13,False,0,65.924324,17.604338
OTHER OFFENSE,13,False,4,-15.009222,-23.288168
ARSON,0,True,1,-27.853765,66.198364
BATTERY,20,False,4,50.258858,-20.893951
BATTERY,13,False,6,32.172443,-48.447422
BATTERY,4,True,2,-32.103863,27.90625
BATTERY,22,True,3,8.86639,57.860245
ROBBERY,7,False,4,47.293594,34.769913
BATTERY,22,False,5,-59.270973,-1.7401555
THEFT,10,True,0,18.25913,14.38629
BATTERY,23,False,1,-42.05212,12.2876625
OTHER OFFENSE,11,False,2,-41.89169,-2.0782435
ASSAULT,13,False,0,-17.406103,-0.000609016
BATTERY,21,True,1,-37.7452,28.199104
CRIMINAL DAMAGE,22,False,4,13.465229,-51.573013
BATTERY,14,False,2,-20.891146,-64.64872
CRIMINAL DAMAGE,22,False,2,-14.401015,-36.124046
THEFT,15,False,2,-30.44592,-14.281442
OTHER OFFENSE,13,False,6,-5.1836405,-3.0423572
DECEPTIVE PRACTICE,10,False,1,-50.988934,-34.483982
BURGLARY,5,True,4,-34.37688,28.738504
OTHER OFFENSE,9,False,0,-3.8442376,3.3992786
OFFENSE INVOLVING CHILDREN,16,False,2,-37.349808,6.2945085
DECEPTIVE PRACTICE,3,True,0,17.42941,63.39594
BATTERY,6,True,5,-34.40974,28.5646
ASSAULT,20,False,2,-46.262527,14.4477825
THEFT,2,False,6,12.497971,-10.495516
ASSAULT,11,False,6,25.98271,-29.411388
MOTOR VEHICLE THEFT,8,False,6,5.335023,-33.69702
ROBBERY,15,False,4,20.152693,-59.830994
BATTERY,1,True,0,3.8943594,49.248028
ASSAULT,12,False,6,58.718376,10.175247
ROBBERY,3,False,2,-22.40147,-54.086903
OTHER OFFENSE,17,False,6,-5.9513993,-2.1653643
ASSAULT,19,False,1,35.746696,20.325964
BATTERY,5,True,1,-34.518707,28.033983
BATTERY,6,False,2,-9.8306055,-36.213352
DECEPTIVE PRACTICE,9,False,2,-7.756986,-37.96269
THEFT,11,False,3,22.527798,-13.20853
DECEPTIVE PRACTICE,7,False,4,6.8798294,-32.15469
ASSAULT,19,False,4,6.578341,21.75623
MOTOR VEHICLE THEFT,13,False,5,-45.909935,-42.276337
BURGLARY,8,False,6,28.945665,-36.718716
DECEPTIVE PRACTICE,3,False,0,46.035736,-31.01781
BURGLARY,16,False,3,38.093517,-36.89707
CRIMINAL SEXUAL ASSAULT,15,True,4,-4.268354,63.36415
MOTOR VEHICLE THEFT,1,True,0,-0.39435667,51.956554
THEFT,10,False,0,18.743063,12.0023775
BURGLARY,18,True,4,-5.058101,75.58346
MOTOR VEHICLE THEFT,5,False,6,29.665747,-41.53102
DECEPTIVE PRACTICE,18,False,2,-6.72411,-41.30185
THEFT,6,False,4,-37.209896,-26.846869
THEFT,19,False,5,-41.108345,-25.794008
THEFT,18,False,4,-1.7731001,-16.249222
ASSAULT,17,False,6,34.442905,-49.518612
CRIMINAL DAMAGE,1,True,1,-26.511751,55.95262
MOTOR VEHICLE THEFT,8,False,2,-10.794477,-56.566257
THEFT,16,True,4,3.2856998,69.449745
THEFT,14,False,4,-1.6692814,-15.375935
BATTERY,11,False,5,-39.71123,-54.504383
OTHER OFFENSE,1,False,1,-55.808716,-9.467109
BATTERY,17,False,2,-58.75458,2.9734664
DECEPTIVE PRACTICE,8,False,1,-53.98262,-30.371307
BATTERY,13,False,4,-43.49176,12.1545925
MOTOR VEHICLE THEFT,0,True,6,-0.8928291,53.69865
ASSAULT,7,False,4,-47.510838,11.04252
CRIMINAL DAMAGE,5,False,3,47.282383,-39.82287
ASSAULT,12,False,4,42.890564,-20.84349
CRIMINAL TRESPASS,22,False,2,-11.904716,-37.20307
CRIMINAL DAMAGE,20,True,4,24.356554,32.421936
CRIMINAL DAMAGE,14,False,3,31.534355,-22.429308
BURGLARY,8,False,2,-14.058215,-53.86793
CRIMINAL DAMAGE,8,False,1,-13.931765,-58.5513
THEFT,19,True,4,3.0898483,69.49074
DECEPTIVE PRACTICE,12,False,3,48.12653,-43.84631
WEAPONS VIOLATION,3,True,1,-26.275038,66.99882
BATTERY,10,False,3,29.819315,-28.58317
THEFT,8,False,4,5.0797114,-28.082045
ASSAULT,22,True,4,-5.5993176,76.001755
MOTOR VEHICLE THEFT,20,True,1,-20.638378,65.66909
BATTERY,0,False,4,1.8543943,16.639343
CRIMINAL TRESPASS,8,False,2,41.803986,15.014472
ASSAULT,22,False,4,36.771244,-53.360264
THEFT,14,False,5,-41.26316,-18.287743
OTHER OFFENSE,13,False,1,44.721527,23.472797
THEFT,5,False,6,12.426184,-9.410471
CRIMINAL DAMAGE,21,True,1,-18.738297,67.68339
WEAPONS VIOLATION,20,False,1,-30.413095,-59.155
MOTOR VEHICLE THEFT,13,False,0,17.200323,11.036352
THEFT,11,False,2,-16.92116,-25.075998
THEFT,3,False,6,11.917825,-10.425123
CRIMINAL DAMAGE,10,False,2,-14.330538,-61.028114
BATTERY,12,True,1,-23.801924,51.163345
THEFT,2,True,5,-33.087685,58.033184
MOTOR VEHICLE THEFT,7,True,1,-25.491991,65.0111
CRIMINAL DAMAGE,3,False,5,-34.44987,-43.880386
ASSAULT,15,False,2,-20.26954,-65.6952
THEFT,20,False,2,-24.155907,-19.09614
BATTERY,18,True,3,-1.1121372,27.372162
OTHER OFFENSE,17,False,4,-2.5998862,-13.916639
CRIMINAL DAMAGE,2,True,4,-4.9855247,72.77481
THEFT,16,False,4,6.679688,-6.0955706
THEFT,18,False,5,-40.44826,-22.265371
BATTERY,19,False,6,43.93286,-44.888424
DECEPTIVE PRACTICE,17,False,0,49.923164,-14.903196
THEFT,14,False,3,21.068933,-10.022597
THEFT,12,False,1,-17.983133,-26.792067
THEFT,15,False,4,-2.6820364,-14.763693
CRIMINAL DAMAGE,21,False,2,-12.180708,-72.24141
ROBBERY,21,False,6,21.57525,-60.301
BATTERY,19,False,3,32.063583,-26.553345
DECEPTIVE PRACTICE,7,False,2,-8.590263,-37.181995
INTERFERENCE WITH PUBLIC OFFICER,21,False,3,62.160843,24.823412
CRIMINAL DAMAGE,0,False,1,-28.98715,-46.49011
BURGLARY,18,False,3,44.355537,-46.137302
ASSAULT,19,False,4,-18.069294,12.037502
THEFT,14,False,4,-22.540024,-16.58845
ASSAULT,11,False,2,-17.286907,-62.385868
BATTERY,12,False,5,-39.90013,-52.667698
ROBBERY,12,False,1,-24.469269,-58.039394
WEAPONS VIOLATION,16,False,3,55.04487,32.330845
THEFT,18,False,5,-42.11057,-27.250643
BATTERY,16,False,0,15.693676,8.763774
THEFT,14,False,1,-38.57089,-25.262352
OTHER OFFENSE,8,True,3,14.582734,78.352066
BATTERY,1,False,1,-27.620485,-48.94769
MOTOR VEHICLE THEFT,12,False,2,-9.631553,-37.512978
BURGLARY,0,False,2,-10.661968,-33.471508
BATTERY,16,False,1,-63.432175,1.1907911
BURGLARY,20,False,6,36.322433,-51.18465
BATTERY,10,False,4,9.478451,-55.64242
MOTOR VEHICLE THEFT,17,True,2,-20.68891,74.27137
BATTERY,18,False,0,15.633874,10.16889
NARCOTICS,15,True,6,27.67674,41.791454
THEFT,14,False,0,34.266563,-2.439386
THEFT,2,True,6,20.152359,73.84013
BATTERY,18,False,1,-62.248566,1.8143198
THEFT,14,False,5,-42.55873,-20.881302
DECEPTIVE PRACTICE,18,False,1,-19.824087,-33.303696
BATTERY,22,False,1,35.03636,16.39221
CRIMINAL DAMAGE,15,False,1,-41.716724,-42.150986
CRIMINAL DAMAGE,18,False,0,47.445595,-16.59863
DECEPTIVE PRACTICE,9,False,6,26.483627,-47.48374
CRIMINAL DAMAGE,3,False,6,45.01522,-37.71646
THEFT,0,False,1,-34.037334,-22.947233
CRIMINAL SEXUAL ASSAULT,22,True,4,-4.759419,60.533665
BATTERY,7,True,5,-44.316036,31.594114
ARSON,6,False,4,46.185123,13.655597
NARCOTICS,19,False,6,5.1102586,-15.10469
THEFT,17,True,6,9.570242,74.046715
THEFT,19,False,4,-4.1010184,-12.576117
THEFT,10,False,2,-26.846653,-18.824057
BATTERY,23,True,1,-42.225773,50.193573
BATTERY,22,False,3,-16.349146,13.661084
ROBBERY,18,False,6,17.047806,-41.105396
MOTOR VEHICLE THEFT,20,True,2,-20.209301,66.44679
THEFT,12,False,5,43.170574,24.829412
THEFT,9,True,4,0.53514886,78.441444
MOTOR VEHICLE THEFT,22,False,1,-44.503494,-42.600334
THEFT,10,False,4,5.7063046,-25.434374
BATTERY,8,False,0,-4.585092,16.089485
CRIMINAL SEXUAL ASSAULT,6,False,6,22.380974,-31.702616
BATTERY,21,False,3,1.1725034,13.227973
BATTERY,0,False,6,26.03172,-27.7151
THEFT,22,False,2,-23.522755,-21.405836
THEFT,12,True,2,-38.099476,66.1704
BATTERY,0,True,3,1.5413667,50.05611
CRIMINAL DAMAGE,20,False,4,31.220999,-56.649742
THEFT,3,False,6,14.186367,-9.367352
ASSAULT,1,True,6,22.549429,39.83006
NARCOTICS,13,True,1,24.992771,32.15965
CRIMINAL DAMAGE,18,False,4,27.502037,-51.066944
CRIMINAL DAMAGE,1,False,0,45.396942,-29.81919
THEFT,21,False,1,-18.65355,-26.783281
BATTERY,13,False,0,15.4049,10.901524
BATTERY,9,True,5,-43.751976,31.674486
BATTERY,10,True,1,-24.9855,56.40236
BURGLARY,3,False,2,-17.760176,-56.190212
BATTERY,22,False,6,-21.951488,13.678986
MOTOR VEHICLE THEFT,12,False,2,-16.815987,-58.79999
OTHER OFFENSE,8,False,0,33.678253,-9.912049
BATTERY,16,False,6,33.18212,-48.52925
ROBBERY,8,False,2,-44.884586,1.8460145
CRIMINAL DAMAGE,12,False,0,49.57111,-26.074968
THEFT,9,False,4,-5.0560417,-12.024876
BURGLARY,20,True,4,-15.681325,26.6925
THEFT,22,True,3,69.07866,-4.0621424
DECEPTIVE PRACTICE,8,False,1,-36.028416,-47.070263
MOTOR VEHICLE THEFT,1,False,6,26.021221,-39.79883
ROBBERY,11,False,6,17.990332,-40.130642
MOTOR VEHICLE THEFT,23,False,4,-10.014826,-66.36315
THEFT,21,False,3,13.413215,-3.160904
THEFT,16,False,4,6.3801727,-26.61236
THEFT,12,False,4,-21.047092,-18.577955
THEFT,13,False,0,19.895945,10.132013
MOTOR VEHICLE THEFT,4,True,6,-0.94328064,53.84037
DECEPTIVE PRACTICE,12,False,2,-10.3478565,-59.533432
CRIMINAL DAMAGE,12,False,1,-13.367597,-35.734783
THEFT,0,False,5,-34.319653,-25.008373
THEFT,18,False,5,-50.542988,-9.156323
CRIMINAL DAMAGE,21,False,1,-54.96764,-33.666954
THEFT,8,False,1,-53.55959,-28.01317
MOTOR VEHICLE THEFT,1,False,4,-13.560511,-51.75959
ASSAULT,21,False,2,7.851251,20.151228
ASSAULT,13,False,3,-16.754068,1.6225039
MOTOR VEHICLE THEFT,16,False,2,-11.1172495,-68.64041
NARCOTICS,13,False,1,37.093708,16.519182
ASSAULT,11,False,1,-19.987528,-61.588383
THEFT,22,False,6,19.793676,-17.909643
DECEPTIVE PRACTICE,0,True,4,-4.149745,66.71199
BATTERY,10,True,0,10.800468,46.380028
ASSAULT,8,False,3,45.684803,-40.57623
THEFT,8,False,1,-35.528984,-23.302519
BATTERY,16,False,2,7.3232517,20.436274
OTHER OFFENSE,10,False,0,35.83284,-4.393008
BATTERY,9,False,2,-18.171434,-61.426945
WEAPONS VIOLATION,1,True,6,1.6815454,43.216507
BATTERY,20,False,0,51.570606,-23.206558
THEFT,16,False,3,21.068768,-11.346476
BATTERY,8,False,4,-47.33546,11.006376
WEAPONS VIOLATION,18,False,2,44.87476,33.62963
OTHER OFFENSE,2,False,5,43.85987,26.694263
OFFENSE INVOLVING CHILDREN,15,False,1,-37.847065,6.0727925
THEFT,19,True,4,15.555606,71.53704
BATTERY,1,True,6,-13.689802,33.444305
CRIMINAL DAMAGE,2,False,0,45.904766,-29.059816
MOTOR VEHICLE THEFT,23,True,3,10.694677,58.54917
BATTERY,13,False,3,-20.199808,13.359163
CRIMINAL DAMAGE,2,False,5,-32.403156,-49.85342
ASSAULT,16,False,0,47.92781,-18.600117
BATTERY,0,True,2,-31.550789,28.765293
CRIMINAL DAMAGE,20,False,2,-13.314674,-64.303116
WEAPONS VIOLATION,21,False,2,44.785233,33.605755
OTHER OFFENSE,11,False,5,-43.90923,-24.948387
BATTERY,23,False,2,9.440734,19.624365
THEFT,8,False,4,-5.916023,-14.717207
OTHER OFFENSE,0,True,5,-33.376076,55.640255
NARCOTICS,16,True,2,24.50187,31.615398
BATTERY,8,False,4,49.578815,-30.146553
BATTERY,20,False,1,34.216675,17.138052
CRIMINAL DAMAGE,4,True,3,-17.347664,30.80353
ROBBERY,11,True,0,10.911033,45.97807
OTHER OFFENSE,14,False,1,-47.358074,-6.52999
THEFT,2,False,6,12.081118,-11.950085
ASSAULT,23,False,1,-59.35084,-6.665535
THEFT,3,True,4,19.283436,71.83347
BATTERY,17,False,1,8.338722,16.104116
DECEPTIVE PRACTICE,19,False,2,-13.217768,-62.900852
OTHER OFFENSE,20,True,0,15.646826,66.631996
ASSAULT,12,False,2,46.02133,14.951783
WEAPONS VIOLATION,18,True,5,-14.550805,66.673454
OTHER OFFENSE,21,False,5,-38.27893,2.3963652
THEFT,15,False,6,9.238415,-5.178422
BATTERY,11,False,4,-61.49179,4.360971
THEFT,15,False,2,-24.890903,-21.471966
OBSCENITY,17,False,6,55.844696,16.068213
ASSAULT,14,False,4,31.665695,-48.271763
DECEPTIVE PRACTICE,11,False,6,23.756582,-46.854977
ASSAULT,15,False,1,-41.590588,-50.986828
WEAPONS VIOLATION,20,False,1,44.765842,32.585323
OTHER OFFENSE,10,False,1,-36.558804,-23.806332
OFFENSE INVOLVING CHILDREN,15,False,3,-20.518398,-3.0475404
BATTERY,0,True,5,4.708109,30.425068
THEFT,20,True,0,27.122393,43.054558
DECEPTIVE PRACTICE,20,False,5,-18.680662,-33.652405
WEAPONS VIOLATION,9,False,4,5.1540947,-40.434566
ASSAULT,2,False,0,-0.545147,14.774942
ASSAULT,21,False,1,5.2728457,22.224417
THEFT,12,True,0,8.616468,75.08016
BATTERY,6,True,1,5.1867743,30.269009
ASSAULT,12,False,2,-57.50766,6.233693
BATTERY,14,False,0,48.515316,-24.187523
BATTERY,12,True,4,-17.039751,27.488457
THEFT,13,True,2,-37.969074,65.63508
BATTERY,5,False,1,-45.334488,5.644301
ASSAULT,17,False,3,-16.695175,0.6183152
ASSAULT,22,False,2,6.577327,21.80823
CRIMINAL DAMAGE,17,False,6,9.604208,-37.241016
MOTOR VEHICLE THEFT,18,True,4,-0.9541661,59.42397
CRIMINAL DAMAGE,3,True,4,0.6620514,54.442005
THEFT,13,False,2,44.67075,20.51263
BURGLARY,21,True,6,4.0156293,59.11869
BATTERY,13,True,4,3.2671356,56.98293
THEFT,10,False,1,-30.171736,-19.210043
OTHER OFFENSE,23,False,6,55.391293,23.30118
BATTERY,15,True,4,-18.471891,61.221035
MOTOR VEHICLE THEFT,8,False,2,-10.405886,-56.592182
STALKING,10,False,6,17.125252,-39.87599
MOTOR VEHICLE THEFT,23,False,6,26.383139,-59.367676
CRIMINAL DAMAGE,16,False,2,-11.632054,-71.40726
BATTERY,7,True,4,-20.00335,28.783
THEFT,13,True,3,68.83962,-3.9076536
THEFT,15,False,0,32.55879,-2.9140606
BATTERY,10,False,1,-20.948116,-63.743923
THEFT,0,True,5,-34.6011,59.291225
CRIMINAL DAMAGE,8,False,3,43.91868,-40.360413
THEFT,10,True,3,26.378853,45.493374
ASSAULT,15,False,4,-19.739122,-36.98923
THEFT,15,False,3,70.18357,-5.2993045
MOTOR VEHICLE THEFT,5,False,0,46.16536,-33.854782
THEFT,10,False,4,-4.220899,-14.956687
BATTERY,21,True,4,-5.5868487,75.9632
BATTERY,20,False,1,-17.670542,-67.28193
WEAPONS VIOLATION,0,False,6,23.4863,-39.83636
BATTERY,10,True,4,-5.775002,74.07921
MOTOR VEHICLE THEFT,9,False,3,44.18524,-40.867058
BATTERY,11,True,5,-43.731533,30.603659
MOTOR VEHICLE THEFT,0,False,1,-53.210613,-29.856163
CRIMINAL DAMAGE,9,False,2,-8.526915,-41.24252
OTHER OFFENSE,21,False,2,39.7088,21.484127
OTHER OFFENSE,4,False,4,17.385197,-16.546259
MOTOR VEHICLE THEFT,12,False,1,-56.160168,-29.852636
THEFT,10,True,4,0.88853616,79.126755
ASSAULT,17,False,0,53.87173,-26.00477
DECEPTIVE PRACTICE,23,True,4,13.787784,53.186363
DECEPTIVE PRACTICE,10,False,4,47.38481,-14.458653
THEFT,16,False,1,-53.99143,-26.27502
THEFT,9,False,5,-44.21304,-22.91524
DECEPTIVE PRACTICE,14,False,4,8.048764,-33.668926
NARCOTICS,16,False,2,40.534218,20.687958
MOTOR VEHICLE THEFT,12,False,2,-16.631943,-69.87848
NARCOTICS,11,False,6,57.431816,21.930891
BATTERY,11,True,1,-43.463116,30.652971
BATTERY,13,True,0,17.077099,15.8505535
BATTERY,2,False,0,-18.905678,-1.1727571
ASSAULT,15,True,6,-19.810957,26.149254
ROBBERY,18,False,6,21.277014,-60.056625
BATTERY,9,True,6,-12.583274,33.31566
CRIMINAL TRESPASS,4,True,4,17.435411,63.696945
SEX OFFENSE,20,False,1,-64.52992,-3.5581422
MOTOR VEHICLE THEFT,22,True,4,-27.36854,49.127743
SEX OFFENSE,13,True,1,31.824867,35.438885
BATTERY,8,False,4,46.767227,14.749404
OFFENSE INVOLVING CHILDREN,22,False,2,-64.75224,-3.546278
ASSAULT,13,True,4,-23.465645,54.411304
BATTERY,13,False,3,-18.710316,10.771374
ASSAULT,19,True,3,8.462325,58.266594
BATTERY,1,True,0,6.9802847,48.247448
THEFT,10,True,2,-38.357677,66.99187
BURGLARY,22,False,2,-6.6574063,-64.83847
BATTERY,21,True,0,12.137956,50.76351
THEFT,1,False,5,-35.538937,-28.42523
BATTERY,21,False,2,34.436825,18.062944
THEFT,16,False,4,-3.2964587,-14.067664
SEX OFFENSE,10,True,2,-41.17678,31.103346
ASSAULT,19,False,6,26.020727,-31.038301
BATTERY,17,True,2,-30.632542,26.456266
MOTOR VEHICLE THEFT,17,False,0,31.361557,-59.37742
BATTERY,21,False,6,-22.41128,13.105615
OTHER OFFENSE,0,True,0,-23.079123,35.070625
ASSAULT,19,False,2,-10.507338,-42.29945
CRIMINAL DAMAGE,2,False,1,-53.993893,0.2791292
CRIMINAL DAMAGE,20,False,6,36.353683,-55.104053
THEFT,9,False,6,11.809321,-9.172355
NARCOTICS,12,True,6,26.197573,41.483673
THEFT,15,False,5,-40.09313,-18.220118
ASSAULT,23,True,5,-44.033146,28.913544
THEFT,20,False,4,5.4135776,-11.943959
BATTERY,20,False,3,-16.915197,13.862828
CRIMINAL DAMAGE,9,True,6,-12.318613,34.69318
CRIMINAL DAMAGE,10,False,4,27.207695,-45.739452
THEFT,21,True,5,-40.392776,35.441017
BATTERY,21,False,6,23.897604,-33.11957
BATTERY,11,True,4,-23.892265,49.34915
CRIMINAL DAMAGE,19,False,2,-41.387638,-40.127213
BURGLARY,0,False,0,43.410023,-33.600616
THEFT,14,True,0,16.058506,73.46187
THEFT,11,True,4,16.591242,73.15886
THEFT,18,False,2,-24.006283,-17.420092
CRIMINAL DAMAGE,15,False,3,44.86133,-45.72781
CRIMINAL TRESPASS,1,False,2,45.572887,17.643799
WEAPONS VIOLATION,14,False,4,52.546898,33.207462
MOTOR VEHICLE THEFT,13,True,0,12.106325,53.611496
THEFT,16,False,4,-5.7714853,-13.26957
BURGLARY,15,False,4,44.260933,-21.08661
MOTOR VEHICLE THEFT,22,False,5,-38.441986,-55.974014
NARCOTICS,19,False,1,40.338284,23.397474
BURGLARY,14,False,1,-51.5086,-35.19736
THEFT,0,False,0,37.010544,-6.025409
THEFT,17,False,4,-21.614712,-16.936493
CRIMINAL DAMAGE,10,False,4,-12.411964,-52.062714
CRIMINAL DAMAGE,14,False,4,27.161232,-50.886307
THEFT,21,True,6,8.600269,73.72542
CRIMINAL DAMAGE,22,False,6,32.252003,-53.018528
BATTERY,13,False,3,39.86942,-46.63203
WEAPONS VIOLATION,18,False,1,44.913673,33.44969
ROBBERY,0,True,5,-26.316694,66.82515
ASSAULT,16,True,6,3.8532147,57.990765
THEFT,14,False,2,-23.112612,-20.496563
CRIMINAL DAMAGE,6,False,2,-9.891891,-58.23003
OTHER OFFENSE,13,True,6,-19.89759,37.210644
OTHER OFFENSE,19,False,0,66.116806,17.165297
ASSAULT,16,True,4,-10.958615,53.051216
THEFT,3,False,6,60.65517,19.20521
DECEPTIVE PRACTICE,13,True,4,-3.5539212,75.27997
OTHER OFFENSE,17,False,4,6.5146194,-5.880978
BATTERY,18,False,1,8.319137,16.068727
DECEPTIVE PRACTICE,16,False,5,-20.457443,-33.572357
BATTERY,12,False,2,-60.989967,4.4440656
ASSAULT,8,False,2,-22.40878,-65.00851
BATTERY,6,False,3,32.654823,-37.005375
CRIMINAL DAMAGE,17,False,6,25.999311,-49.48031
THEFT,17,True,2,-38.71388,64.747826
THEFT,13,False,4,61.40339,19.495207
CRIMINAL TRESPASS,21,False,4,41.122566,18.437733
BATTERY,23,False,2,-15.382938,-65.558235
THEFT,6,False,4,4.078429,-28.791414
ASSAULT,15,True,0,10.904745,48.0908
THEFT,16,True,4,11.229144,72.631615
OFFENSE INVOLVING CHILDREN,17,False,2,-1.4597863,-45.82678
DECEPTIVE PRACTICE,20,False,6,11.453546,-37.74698
BATTERY,17,True,1,-45.393093,29.329414
BATTERY,5,False,6,-18.941227,1.7880989
THEFT,1,False,2,-27.24001,-22.355047
CRIMINAL DAMAGE,22,False,0,41.786194,-17.51001
THEFT,16,False,5,-42.39172,-24.124718
BATTERY,7,True,2,19.767672,33.920242
INTIMIDATION,21,False,5,-45.97034,-46.033283
OTHER OFFENSE,16,True,2,-38.06272,35.61617
THEFT,23,False,5,-50.482227,-8.94277
BURGLARY,21,False,4,28.723349,-51.77708
OFFENSE INVOLVING CHILDREN,19,False,4,-64.50814,-2.5371318
CRIMINAL DAMAGE,20,False,4,-4.89726,-38.41942
BURGLARY,19,False,6,59.31556,11.811455
ASSAULT,9,False,1,-17.97491,-40.10177
OTHER OFFENSE,0,False,4,9.698373,-26.706493
NARCOTICS,19,False,6,57.773335,26.316877
OTHER OFFENSE,0,True,6,26.167412,40.145298
OTHER OFFENSE,10,True,1,-35.882145,64.3332
ARSON,4,False,5,-20.049389,-43.45929
OTHER OFFENSE,2,False,5,-51.316216,-6.543386
BURGLARY,14,False,5,-37.971737,-50.118465
THEFT,13,True,0,11.490884,66.62584
OFFENSE INVOLVING CHILDREN,7,False,0,54.38396,-33.814445
ASSAULT,14,False,2,-58.2399,5.5351677
ASSAULT,22,False,6,32.181282,-50.295303
OTHER OFFENSE,15,True,2,-37.92635,35.67793
CRIMINAL DAMAGE,3,False,2,-16.144232,-55.13914
BATTERY,12,False,6,34.50329,-48.734825
ASSAULT,17,True,4,-32.01158,25.394402
ASSAULT,16,True,4,20.758144,34.91402
OTHER OFFENSE,17,False,6,24.549015,-14.037112
BATTERY,14,False,6,-20.163242,3.7862263
BURGLARY,9,False,6,23.10155,-29.956987
OTHER OFFENSE,17,True,3,10.520269,76.3267
THEFT,19,False,0,33.495583,0.23899843
THEFT,21,True,4,-1.3534858,79.70016
OTHER OFFENSE,19,False,0,-4.130394,-0.5394796
DECEPTIVE PRACTICE,10,False,2,-11.810757,-59.443172
ROBBERY,20,False,1,-27.538168,-60.492947
THEFT,14,False,0,33.591057,-6.744964
THEFT,14,True,3,28.522804,45.208244
SEX OFFENSE,17,False,5,-30.175465,-58.225643
ASSAULT,19,True,0,9.596636,51.166294
THEFT,23,False,2,-41.04161,-2.9214962
THEFT,7,False,2,-27.561678,-14.350526
THEFT,0,True,1,-34.98169,33.48716
ASSAULT,20,False,4,21.557789,-33.174934
THEFT,0,False,6,-8.411107,-2.439474
THEFT,0,False,5,-15.007205,-28.205708
THEFT,14,False,0,28.894518,-9.331133
WEAPONS VIOLATION,5,True,1,-44.774612,52.070667
BATTERY,1,True,4,6.565771,48.59639
STALKING,21,True,0,13.031766,56.616806
THEFT,17,True,3,10.870627,76.01423
CRIMINAL DAMAGE,23,True,2,-46.94262,27.603064
CRIMINAL DAMAGE,15,False,1,-41.970078,6.736883
THEFT,10,True,2,-37.98878,66.57018
ASSAULT,21,True,1,-18.953527,68.998276
BATTERY,23,False,2,-42.815594,12.924357
BATTERY,21,False,5,-39.464962,8.390818
MOTOR VEHICLE THEFT,23,False,5,-56.929916,-29.639614
LIQUOR LAW VIOLATION,17,False,4,51.727898,20.221706
CRIMINAL DAMAGE,10,False,4,-7.893137,-64.19118
THEFT,15,False,4,-22.273159,-16.187887
ASSAULT,12,True,6,1.9967189,55.656193
BURGLARY,14,False,0,50.439503,-25.418015
OTHER OFFENSE,20,False,6,-2.5626812,-1.1157918
THEFT,4,False,2,-27.305883,-25.87973
SEX OFFENSE,9,False,3,-21.187231,-2.4445064
CRIMINAL DAMAGE,15,False,0,48.115147,-16.618093
CRIMINAL TRESPASS,20,False,4,48.808853,-13.85602
WEAPONS VIOLATION,13,False,0,55.774826,33.121838
BATTERY,6,False,3,31.798037,-27.557909
THEFT,16,False,3,13.147616,-2.323398
OTHER OFFENSE,9,False,1,-47.691483,-5.7880073
CRIMINAL DAMAGE,4,True,3,1.4858755,49.213196
DECEPTIVE PRACTICE,14,False,0,50.4962,-15.025107
BATTERY,22,True,3,-10.075898,30.352325
THEFT,13,False,0,33.873245,-3.1693501
THEFT,22,False,2,45.568325,20.64475
BATTERY,22,True,0,-15.111936,26.491043
CRIMINAL DAMAGE,16,False,6,2.931914,14.369433
OTHER OFFENSE,18,True,0,14.325452,67.385605
THEFT,16,True,3,11.710032,79.22173
BATTERY,10,True,0,7.8780584,50.00987
THEFT,22,False,6,21.861206,-8.537318
THEFT,19,False,3,9.548169,-3.020522
BATTERY,15,True,3,-42.251007,29.329868
CRIMINAL TRESPASS,15,False,5,37.281544,14.767186
THEFT,18,True,2,-36.947315,64.12505
OTHER OFFENSE,7,True,6,8.971856,71.31541
BATTERY,10,False,5,-39.760006,-52.44063
NARCOTICS,15,False,6,54.14797,13.279398
BURGLARY,20,False,2,-13.102733,-37.50674
MOTOR VEHICLE THEFT,15,False,4,-9.541334,-66.00805
ASSAULT,12,True,1,-45.99522,37.966248
BATTERY,15,False,3,29.161812,-32.232685
DECEPTIVE PRACTICE,0,False,6,23.548557,-23.928776
BATTERY,10,True,4,2.8641005,29.473732
BATTERY,9,False,6,-20.840195,11.537657
BATTERY,3,True,3,-17.427622,30.567863
ASSAULT,5,False,0,44.056213,-25.28651
CRIMINAL TRESPASS,11,False,2,44.077724,17.310463
ASSAULT,0,True,4,21.130747,43.82575
CRIMINAL DAMAGE,9,False,2,-9.07072,-59.04579
ASSAULT,11,False,4,10.358524,-56.03406
BATTERY,19,True,6,-7.6380973,52.305965
CRIMINAL TRESPASS,21,True,1,-34.856445,30.97662
DECEPTIVE PRACTICE,0,False,6,24.189116,-24.191217
ASSAULT,13,True,2,-25.416447,49.920708
MOTOR VEHICLE THEFT,2,True,6,-0.77372384,53.232567
BURGLARY,9,False,2,-13.509106,-41.799698
THEFT,20,False,4,-23.812155,-13.5963745
BATTERY,20,False,3,-19.562199,13.930613
BATTERY,11,True,4,-2.7919626,65.28861
THEFT,17,False,4,13.247212,-19.114635
THEFT,11,False,6,16.151133,-22.986916
BURGLARY,1,True,6,-3.1956544,66.94168
BURGLARY,19,False,2,-14.468716,-64.58025
BURGLARY,15,True,1,-24.518467,54.121723
THEFT,11,False,2,-25.898624,-22.253145
THEFT,23,True,1,-38.79784,61.293224
DECEPTIVE PRACTICE,18,False,4,53.348495,-28.437128
OTHER OFFENSE,12,True,1,-36.874126,60.08434
OTHER OFFENSE,11,True,1,-41.667183,34.901604
THEFT,15,True,3,11.123302,78.3175
THEFT,8,False,6,-7.541016,2.9094944
ASSAULT,2,False,5,-28.013382,-49.535133
ASSAULT,14,True,2,-23.436693,70.44848
ASSAULT,19,False,6,31.42863,-51.607426
MOTOR VEHICLE THEFT,21,True,1,-44.80154,27.859
MOTOR VEHICLE THEFT,17,False,2,-13.2981,-65.94384
THEFT,14,True,4,11.492338,72.43557
OTHER OFFENSE,13,True,4,10.800543,72.87617
BURGLARY,18,False,4,50.286934,-20.278383
DECEPTIVE PRACTICE,0,False,6,24.984331,-24.13805
CRIMINAL DAMAGE,3,True,1,-45.494576,33.94761
MOTOR VEHICLE THEFT,23,False,4,53.321445,-20.160614
BATTERY,8,False,2,-57.524124,1.668644
THEFT,10,False,1,-38.365383,-25.740187
DECEPTIVE PRACTICE,0,True,0,4.651756,47.550068
BATTERY,19,False,2,-60.520256,3.4717937
BATTERY,7,False,3,-17.724426,-1.6425002
MOTOR VEHICLE THEFT,23,False,2,-15.364161,-72.43871
THEFT,17,True,6,-19.616411,36.631405
BATTERY,10,True,1,-34.390278,26.582174
THEFT,11,True,4,31.006174,44.563805
OTHER OFFENSE,22,False,2,-45.651268,-4.6742
OTHER OFFENSE,0,True,6,-21.821266,35.41663
BURGLARY,3,False,4,6.0060163,-52.638016
BATTERY,16,False,1,-59.255955,2.635168
THEFT,0,False,3,11.98489,-12.906098
OTHER OFFENSE,21,False,3,-2.8098557,-2.0983782
ASSAULT,12,True,5,-22.96842,59.638176
BURGLARY,16,False,1,-55.799557,-33.11367
OTHER OFFENSE,10,False,0,36.858345,-3.1795125
BATTERY,11,False,0,-13.685318,9.05488
BATTERY,14,True,0,-1.3819932,27.236841
THEFT,2,True,0,18.322731,65.64545
BATTERY,17,False,2,-9.079467,-43.63113
CRIMINAL DAMAGE,8,False,0,36.351204,-20.40857
BATTERY,22,False,2,-63.21253,3.7190578
CRIMINAL DAMAGE,17,False,6,26.160866,-51.624306
BURGLARY,10,True,1,-24.774338,62.814976
CRIMINAL DAMAGE,1,False,5,-33.9659,-43.74005
ROBBERY,19,True,3,15.059019,57.862114
THEFT,17,False,0,34.193207,-1.689289
SEX OFFENSE,13,False,2,-64.92272,-4.2191358
MOTOR VEHICLE THEFT,18,False,6,9.212545,-36.377747
NARCOTICS,13,False,6,20.142006,-20.999905
THEFT,16,True,2,25.234724,30.544367
BATTERY,0,True,6,-18.417109,30.727535
OTHER OFFENSE,22,False,2,-17.850973,-22.837923
THEFT,12,True,3,-20.374996,37.241608
OTHER OFFENSE,16,True,6,28.680363,41.691135
NARCOTICS,18,False,2,40.479,20.59398
CRIMINAL DAMAGE,18,False,6,2.884074,14.357782
THEFT,21,True,1,-38.70407,62.284508
BATTERY,0,False,1,-45.709972,6.708609
MOTOR VEHICLE THEFT,0,False,3,49.14212,-39.641537
BATTERY,22,False,0,-2.3638432,16.923769
THEFT,19,False,4,34.713074,-0.44921413
THEFT,20,False,6,6.0319114,-12.855368
ASSAULT,10,False,6,32.26381,-41.943287
CONCEALED CARRY LICENSE VIOLATION,3,True,1,25.527514,37.80034
BATTERY,23,False,1,-62.892418,3.0079868
MOTOR VEHICLE THEFT,20,False,5,-46.179893,-46.332188
MOTOR VEHICLE THEFT,6,False,2,-12.587766,-56.439354
THEFT,21,False,2,-23.83825,-21.634134
BATTERY,16,True,4,22.154842,34.319565
BATTERY,3,True,6,-17.516508,30.368122
BATTERY,2,False,6,36.450165,-43.81179
DECEPTIVE PRACTICE,11,False,2,-13.397024,-60.49507
MOTOR VEHICLE THEFT,13,False,3,62.38724,23.87252
CRIMINAL DAMAGE,1,True,4,-16.190231,28.328205
BATTERY,5,False,2,-48.805107,11.428148
BATTERY,15,True,2,-48.912865,29.746037
BATTERY,11,False,6,0.5343817,15.415244
THEFT,23,True,4,-40.428844,65.30516
BATTERY,1,True,1,4.5438247,31.261974
CRIMINAL DAMAGE,2,True,5,-26.343195,55.948772
BURGLARY,0,False,2,-17.446938,-56.318245
DECEPTIVE PRACTICE,9,False,4,-7.2863197,-60.484596
DECEPTIVE PRACTICE,17,False,4,23.76824,-48.07639
ASSAULT,20,False,6,-22.588991,12.670223
THEFT,18,False,2,38.80216,19.708647
THEFT,8,False,2,45.314342,20.596426
BURGLARY,7,False,4,42.548443,-21.84382
BURGLARY,16,False,4,28.150936,-50.792034
BATTERY,13,False,1,-43.432953,8.816557
PUBLIC PEACE VIOLATION,19,False,4,16.787928,-19.764599
THEFT,15,False,4,-22.172209,-16.213823
ASSAULT,19,False,6,-22.311834,12.957305
THEFT,15,False,3,20.868568,-9.58997
BATTERY,16,False,5,-18.536394,-37.88847
CRIMINAL DAMAGE,1,False,4,-9.604396,-53.81815
CRIMINAL DAMAGE,5,False,2,45.606293,17.795294
BATTERY,8,False,6,-15.47698,3.8919606
ASSAULT,8,False,2,-22.485704,-66.96793
BATTERY,8,False,2,-15.961633,-40.4693
ROBBERY,20,False,6,21.711605,-60.234398
SEX OFFENSE,16,False,3,50.67341,-48.9952
THEFT,15,True,2,25.851469,29.892998
CRIMINAL TRESPASS,17,False,0,33.973854,-19.63292
MOTOR VEHICLE THEFT,16,False,1,-14.248578,-68.796135
CRIMINAL DAMAGE,13,False,1,-41.976086,6.6519146
DECEPTIVE PRACTICE,15,False,3,47.796772,-44.33009
BATTERY,13,False,4,27.220081,-31.929941
THEFT,19,True,3,10.951547,79.646126
THEFT,12,False,4,8.73307,-10.586908
BATTERY,16,True,3,-0.11288196,29.36998
BATTERY,9,True,0,22.298866,41.54605
MOTOR VEHICLE THEFT,19,False,5,-46.817585,-46.202534
THEFT,11,False,3,9.226531,-12.243668
THEFT,12,False,0,33.92481,-3.3926225
ASSAULT,8,False,2,-60.021076,5.235545
BATTERY,23,False,0,0.111343145,13.587642
WEAPONS VIOLATION,23,True,1,32.83849,35.4204
DECEPTIVE PRACTICE,14,False,4,9.265512,-30.571983
BATTERY,17,False,4,-44.130047,-53.533936
OTHER OFFENSE,17,False,4,-40.11978,-1.2164375
THEFT,3,False,1,-48.6283,-5.260561
THEFT,16,False,6,7.1554914,-10.406348
SEX OFFENSE,14,False,1,-29.684542,-59.59443
BATTERY,10,False,2,-23.842676,-68.08049
THEFT,11,False,1,-38.11878,-25.347536
NARCOTICS,16,False,2,41.241894,20.10549
BURGLARY,18,False,1,5.4690995,22.290037
ASSAULT,15,False,6,35.646267,-47.56053
OTHER OFFENSE,22,False,6,58.041622,23.321712
BATTERY,23,False,2,-44.803852,13.246686
PUBLIC PEACE VIOLATION,2,False,4,64.737,29.505768
BATTERY,0,False,1,-26.167204,-49.04572
BATTERY,3,False,2,-61.413773,7.170794
THEFT,6,False,5,-35.424686,-25.500854
ROBBERY,22,False,1,-46.54374,-42.98957
CRIMINAL TRESPASS,3,False,6,-13.820533,-1.8600975
BURGLARY,19,False,6,33.890804,-52.49606
THEFT,22,False,6,7.847047,-15.487554
DECEPTIVE PRACTICE,0,False,3,40.91767,-32.209408
BATTERY,17,False,4,29.375797,-54.78195
THEFT,18,False,6,21.933355,-8.868563
BATTERY,9,True,1,-42.557995,50.841297
MOTOR VEHICLE THEFT,6,True,3,66.97574,-4.442255
CRIMINAL DAMAGE,18,False,1,-64.89795,3.3303652
BURGLARY,13,True,2,-25.540487,49.89588
CRIMINAL TRESPASS,10,False,4,46.532494,-14.827431
MOTOR VEHICLE THEFT,20,False,6,26.518507,-56.935627
THEFT,1,True,0,19.419098,70.79424
BURGLARY,16,True,0,6.1365128,56.74613
THEFT,12,False,2,-38.029453,-0.19277565
ASSAULT,23,False,2,-12.682777,-38.494175
BATTERY,21,False,4,6.2388453,-36.682663
BATTERY,16,False,3,58.468987,13.873806
ASSAULT,1,False,3,29.391659,-30.727507
DECEPTIVE PRACTICE,10,False,2,-7.6714244,-38.131702
THEFT,20,True,2,-38.812813,64.54374
DECEPTIVE PRACTICE,9,False,4,8.585766,-30.235203
BATTERY,15,False,0,46.98442,-21.613342
BURGLARY,0,False,4,30.38148,-38.852688
MOTOR VEHICLE THEFT,18,False,0,23.583643,9.056973
BURGLARY,0,False,2,-14.868392,-53.31723
THEFT,18,True,6,12.02106,69.514595
CRIMINAL DAMAGE,0,False,6,27.845692,-39.4361
CRIMINAL DAMAGE,12,True,2,-32.906097,30.406593
BATTERY,0,False,1,-48.634792,9.6613035
THEFT,9,False,6,9.174485,-8.833578
ROBBERY,7,False,2,46.85975,34.235325
CRIMINAL DAMAGE,2,False,6,28.674364,-38.971188
BURGLARY,14,False,5,-21.865734,-40.62419
BATTERY,20,False,3,-17.686996,0.28471562
BATTERY,11,True,1,-32.552444,27.761068
MOTOR VEHICLE THEFT,0,True,4,6.760579,46.91738
ASSAULT,8,False,6,30.00175,-29.80288
BATTERY,15,False,1,-41.997772,10.186502
THEFT,16,False,4,-5.6837697,-13.348856
OTHER OFFENSE,8,True,1,-35.169308,33.162468
CRIMINAL DAMAGE,17,False,5,-58.582123,-2.4687138
THEFT,10,False,4,63.932728,19.573387
ASSAULT,17,False,3,-17.868074,13.14243
THEFT,22,False,6,12.114299,-4.3498626
BATTERY,22,False,1,-59.372337,-0.32129458
DECEPTIVE PRACTICE,7,True,1,-26.51894,53.825863
MOTOR VEHICLE THEFT,22,False,4,12.186597,-57.512535
DECEPTIVE PRACTICE,10,False,6,31.27331,-21.200169
THEFT,14,False,6,7.486329,-10.605759
BURGLARY,2,True,1,-42.89177,51.14786
CRIMINAL TRESPASS,8,False,4,8.655952,-50.359295
BATTERY,23,False,1,-42.397415,-54.70118
DECEPTIVE PRACTICE,14,True,4,-24.300905,77.05377
BATTERY,22,True,1,6.9451814,32.61305
BURGLARY,15,False,4,9.874585,-37.249855
NARCOTICS,12,False,1,42.5784,20.931936
THEFT,12,False,4,51.356052,18.840118
THEFT,14,False,0,27.904917,-10.229901
DECEPTIVE PRACTICE,14,False,4,17.902174,-27.980839
ASSAULT,15,False,1,-59.19546,1.9819078
ASSAULT,18,False,2,-5.903304,-65.118256
BATTERY,13,False,0,-14.682045,3.9612296
DECEPTIVE PRACTICE,8,False,3,37.47672,-34.053257
THEFT,7,False,3,16.266384,-5.6403317
THEFT,5,False,4,29.796207,-2.7342885
THEFT,19,False,1,-49.54295,-7.6471105
THEFT,17,True,6,4.035853,72.000626
OTHER OFFENSE,16,False,0,-4.4061646,2.7691164
BATTERY,1,False,6,25.226963,-27.42714
THEFT,15,False,4,66.24394,27.551205
BATTERY,2,False,1,-45.642384,6.0958095
BATTERY,5,True,5,5.3370695,27.317629
BATTERY,16,True,6,-11.703689,32.259575
ASSAULT,15,False,3,-16.603851,13.846363
CRIMINAL DAMAGE,13,False,1,-58.92502,4.019602
OTHER OFFENSE,15,False,1,44.703167,22.11945
CRIMINAL DAMAGE,22,True,5,-40.114227,49.23829
THEFT,7,True,5,-33.65414,57.351044
BATTERY,0,True,2,-47.167347,31.780409
CRIMINAL DAMAGE,9,False,4,-13.951166,-1.8450972
DECEPTIVE PRACTICE,18,True,0,14.187615,66.94946
BURGLARY,20,True,3,9.334476,57.303547
ASSAULT,19,True,5,-20.074923,61.63441
MOTOR VEHICLE THEFT,17,True,4,-4.406869,76.592415
BATTERY,20,False,0,48.32748,-18.631002
CRIMINAL TRESPASS,19,False,0,33.56291,-19.819252
CRIMINAL TRESPASS,12,False,5,-22.090488,-41.660896
DECEPTIVE PRACTICE,13,False,0,31.42897,-21.19233
BATTERY,14,False,0,10.057993,10.395108
BATTERY,1,False,2,-48.37607,8.632464
CRIMINAL DAMAGE,13,False,2,-13.078484,-58.519928
ASSAULT,11,False,3,31.860693,-27.211126
CRIMINAL DAMAGE,1,False,4,-12.171798,-45.29496
BATTERY,0,True,6,22.466232,39.819878
WEAPONS VIOLATION,20,False,6,50.050533,31.068884
THEFT,16,False,1,-18.129677,-26.421124
OTHER OFFENSE,2,False,0,15.226535,-9.552658
CRIMINAL TRESPASS,10,False,4,24.043182,-53.550987
BATTERY,13,True,5,-46.352974,38.52819
THEFT,23,True,3,13.75392,75.45687
CRIMINAL DAMAGE,23,False,5,-44.269432,-43.999725
THEFT,7,True,6,2.9973648,71.07703
MOTOR VEHICLE THEFT,3,False,3,43.868168,-40.008358
CRIMINAL SEXUAL ASSAULT,4,False,5,-61.499413,-3.3974047
NARCOTICS,19,False,6,56.74815,14.996938
STALKING,20,False,4,-36.725964,5.7585993
DECEPTIVE PRACTICE,14,False,5,-18.176659,-33.089794
THEFT,16,False,6,19.232767,-18.584173
THEFT,18,True,4,-0.6892988,78.32425
THEFT,13,False,6,20.082748,-8.673431
ASSAULT,1,False,2,-49.073772,7.41402
ASSAULT,11,True,1,20.19992,34.919464
THEFT,1,True,6,20.10341,73.69193
BATTERY,11,True,0,22.265854,46.87815
MOTOR VEHICLE THEFT,5,False,6,29.855686,-41.119972
MOTOR VEHICLE THEFT,4,False,3,44.247925,-40.638885
BATTERY,17,False,0,51.362194,-24.075256
BATTERY,11,False,2,-45.29538,10.193728
BATTERY,18,False,0,-13.314853,11.827049
CRIMINAL TRESPASS,0,False,1,-9.925033,-32.74151
ASSAULT,12,False,2,-11.811665,-42.511555
THEFT,18,False,4,16.17372,-17.78729
BATTERY,10,False,6,2.5846243,15.039852
BATTERY,23,True,2,-33.23759,24.313255
ASSAULT,10,False,0,15.598317,8.514342
THEFT,5,False,2,-26.756626,-23.82892
CRIMINAL DAMAGE,22,False,3,40.59473,-51.732227
CRIMINAL DAMAGE,19,False,2,-58.556416,3.9446967
THEFT,14,False,0,19.324604,9.114411
THEFT,19,True,4,-32.38044,50.141563
THEFT,3,False,1,-32.890682,-25.126339
CRIMINAL DAMAGE,8,True,0,8.427184,47.61218
THEFT,19,False,6,8.666639,-3.787876
WEAPONS VIOLATION,18,False,0,55.385094,-33.06816
OTHER OFFENSE,18,False,5,36.63922,26.164867
THEFT,12,False,4,29.65903,-2.104787
THEFT,13,False,4,-3.0000281,-13.996285
BURGLARY,21,True,2,-20.958803,68.81487
THEFT,23,True,1,-38.79478,61.31362
ASSAULT,13,False,4,-6.6769357,-50.226837
THEFT,14,False,1,-28.84433,-20.22425
THEFT,13,True,1,-39.42904,60.21866
THEFT,15,False,5,-42.84603,-21.471888
ASSAULT,3,False,2,6.244037,19.286848
ROBBERY,17,False,5,-30.425407,-58.56395
MOTOR VEHICLE THEFT,3,True,6,-1.3053464,54.02166
BATTERY,23,True,1,-48.637154,27.923244
BURGLARY,10,False,0,41.326233,-20.173246
MOTOR VEHICLE THEFT,11,False,4,11.133905,-35.24141
DECEPTIVE PRACTICE,9,False,5,-39.07867,-41.653385
THEFT,15,False,2,-15.936462,-18.230522
MOTOR VEHICLE THEFT,20,False,4,-13.383878,-73.37383
CRIMINAL TRESPASS,11,False,4,12.297105,-50.217175
BATTERY,15,False,6,-19.167006,13.209246
DECEPTIVE PRACTICE,12,False,3,68.526115,-6.931059
THEFT,8,False,2,-27.61008,-14.749206
CRIMINAL DAMAGE,10,False,2,-13.585543,-58.862877
BATTERY,21,False,3,-20.755268,14.281788
NARCOTICS,13,False,5,41.321003,24.458641
THEFT,6,True,3,8.112931,68.62576
ASSAULT,16,False,1,-41.499783,-50.947548
THEFT,17,True,4,-0.87040293,78.951935
MOTOR VEHICLE THEFT,0,True,4,-30.258991,72.05595
ASSAULT,11,False,5,-45.06926,-49.38543
BATTERY,11,False,4,-56.556305,4.66525
CRIMINAL DAMAGE,12,False,5,-20.76966,-33.825077
CRIMINAL DAMAGE,15,True,4,-1.8367883,65.64978
DECEPTIVE PRACTICE,13,False,4,51.771095,20.489834
THEFT,22,False,3,-2.495337,-1.0690509
BATTERY,22,True,2,-31.994272,25.009195
HOMICIDE,22,False,1,-16.689495,-47.414017
BURGLARY,6,True,4,-25.27053,55.13476
THEFT,21,False,0,33.62734,0.95202047
CRIMINAL TRESPASS,19,False,0,9.4510975,-30.991207
ASSAULT,4,True,4,5.5023637,49.38946
MOTOR VEHICLE THEFT,6,False,5,49.28784,24.29484
BURGLARY,9,False,2,-9.79269,-39.003464
BATTERY,11,True,6,-9.698489,52.402973
ASSAULT,13,False,6,29.560534,-49.37471
THEFT,13,False,3,71.196236,-5.6281323
ASSAULT,21,False,2,-10.114367,-41.84692
CRIMINAL DAMAGE,4,False,6,28.685507,-38.89584
OTHER OFFENSE,14,False,3,69.721466,-5.4427333
NARCOTICS,21,True,6,25.50719,42.204548
BURGLARY,7,False,0,46.763355,-28.084116
MOTOR VEHICLE THEFT,0,False,2,-19.857817,-56.57279
THEFT,20,False,1,-38.405003,-18.5215
THEFT,11,False,4,30.82602,-7.4112434
MOTOR VEHICLE THEFT,2,False,1,-29.43628,-48.790794
BATTERY,18,False,5,-45.526894,-51.548923
MOTOR VEHICLE THEFT,22,False,0,54.00693,-18.99339
OTHER OFFENSE,0,False,5,-34.313354,-25.28249
MOTOR VEHICLE THEFT,23,True,5,-19.05172,63.878582
PROSTITUTION,21,False,6,55.070564,22.976519
BATTERY,9,False,1,-62.754887,6.226591
ASSAULT,18,False,3,-17.392126,0.36263064
DECEPTIVE PRACTICE,8,False,6,19.760107,-26.91699
BATTERY,14,False,1,4.886998,21.818146
BATTERY,7,False,1,5.118377,20.803087
BATTERY,4,True,2,-47.424347,32.86228
THEFT,10,True,1,-36.39667,59.92358
OTHER OFFENSE,12,False,2,44.89922,20.007532
CRIMINAL DAMAGE,11,False,4,9.043921,-36.94225
BATTERY,3,False,1,-18.299982,-40.734108
NARCOTICS,19,False,1,43.12506,21.38086
THEFT,22,False,2,-37.960632,0.88523835
THEFT,19,False,5,-41.425667,-27.723024
ASSAULT,12,False,1,-37.95337,-51.761585
SEX OFFENSE,16,True,1,-20.351955,52.420364
NARCOTICS,19,False,3,60.88857,22.925453
PUBLIC PEACE VIOLATION,2,True,4,26.619308,39.663372
BATTERY,16,False,1,-58.91497,-6.758575
THEFT,14,False,6,16.750933,-22.305655
THEFT,21,False,0,30.223526,0.79896486
BURGLARY,4,False,0,44.4019,-26.809303
CRIMINAL DAMAGE,13,False,4,24.185513,-46.877155
THEFT,18,True,1,-39.76417,61.469666
STALKING,21,True,6,-20.152857,33.525196
BATTERY,8,True,2,-32.80633,26.531113
THEFT,16,False,1,-54.4751,-26.666239
BATTERY,14,True,0,17.074883,17.36154
BATTERY,1,False,0,47.472206,-29.263128
BURGLARY,17,False,3,40.008442,-47.349236
CRIMINAL DAMAGE,0,False,4,43.071205,14.558543
WEAPONS VIOLATION,22,False,2,-2.2459586,-44.456432
CRIMINAL DAMAGE,23,False,0,41.07893,-50.909847
BATTERY,17,True,3,-0.7482145,27.396086
CRIMINAL SEXUAL ASSAULT,0,False,0,43.04844,-26.054562
CRIMINAL DAMAGE,22,False,0,38.681496,-18.283852
OTHER OFFENSE,18,False,6,23.770369,-10.822441
CRIMINAL TRESPASS,0,False,2,-8.755827,-33.785656
THEFT,4,True,5,-34.85482,59.21795
BURGLARY,5,False,2,-8.609634,-35.213043
CRIMINAL SEXUAL ASSAULT,14,True,5,-16.691097,59.139317
BATTERY,6,False,6,25.03026,-28.408512
THEFT,11,False,4,64.66569,29.13169
OTHER OFFENSE,8,False,2,-41.508465,-0.9938908
THEFT,14,False,3,10.183407,-2.826766
ASSAULT,19,False,4,50.58199,-22.48838
BURGLARY,22,False,0,54.263317,-26.19908
THEFT,10,False,0,19.174047,10.301114
CRIMINAL DAMAGE,17,False,5,-39.20788,-46.58174
MOTOR VEHICLE THEFT,4,True,2,-26.143517,71.71853
CRIMINAL TRESPASS,16,False,4,51.832523,20.98694
BATTERY,0,False,3,60.84481,8.696296
MOTOR VEHICLE THEFT,21,False,3,27.541805,-60.115784
ASSAULT,23,False,4,33.753,15.691666
THEFT,11,False,0,28.013865,-10.371188
MOTOR VEHICLE THEFT,18,False,2,-10.049717,-66.27396
OTHER OFFENSE,12,False,5,-41.157917,3.6706514
THEFT,0,False,2,-42.624302,-0.81431496
THEFT,16,True,2,25.859589,30.195248
BURGLARY,17,True,2,-21.995937,75.16826
CRIMINAL DAMAGE,6,False,6,5.4935207,-33.365936
THEFT,14,False,4,-3.0077736,-12.9493265
ASSAULT,21,False,6,22.006004,-33.126644
MOTOR VEHICLE THEFT,8,False,2,44.12963,18.520714
THEFT,18,False,6,15.086346,-18.062502
SEX OFFENSE,21,False,0,55.432156,-33.039906
OTHER OFFENSE,21,True,4,10.428087,72.8143
BATTERY,19,True,6,-11.407918,31.732273
ROBBERY,2,False,6,48.78187,-36.96099
ASSAULT,22,True,3,5.781141,58.47479
THEFT,16,False,5,-40.52863,-20.311398
CRIMINAL DAMAGE,20,False,6,29.930037,-22.060818
ASSAULT,12,False,6,26.484018,-30.537794
ASSAULT,11,False,1,-21.624212,-64.07292
MOTOR VEHICLE THEFT,22,False,5,-47.023804,-45.834446
BATTERY,12,False,1,-43.728054,6.5529075
THEFT,15,False,1,-54.333824,-26.76056
THEFT,18,False,0,31.65995,0.51774096
THEFT,12,False,0,65.13797,20.437756
BURGLARY,16,False,6,33.282024,-48.952015
BURGLARY,14,False,0,50.342243,-25.497261
THEFT,23,False,2,-31.165787,-16.267694
OTHER OFFENSE,6,False,6,18.59788,-21.490225
BURGLARY,8,True,1,-24.824673,53.963043
THEFT,19,False,2,-18.823013,-21.846876
OTHER OFFENSE,10,True,1,-35.787403,33.17638
THEFT,23,False,1,-39.59286,-24.07722
THEFT,5,True,3,13.591502,78.87753
BURGLARY,1,True,4,-11.231604,51.20966
BATTERY,20,True,0,-11.232974,28.174118
WEAPONS VIOLATION,2,True,4,30.887114,38.40401
BATTERY,0,False,6,0.967769,16.057503
CRIMINAL DAMAGE,10,False,5,-35.878353,-43.88553
MOTOR VEHICLE THEFT,20,False,2,40.76333,20.281586
BURGLARY,14,True,0,11.715487,51.90905
CRIMINAL TRESPASS,16,True,2,23.979532,31.703667
OTHER OFFENSE,11,False,3,-3.4161146,-1.6049294
BATTERY,14,False,3,62.969074,9.66642
BATTERY,3,True,4,5.3293524,27.456264
BURGLARY,0,False,2,-8.725842,-35.01594
THEFT,18,False,6,25.361073,-13.753719
BATTERY,2,True,6,-18.351831,31.282906
CRIMINAL DAMAGE,0,True,1,-29.647123,69.609856
ROBBERY,6,False,4,5.0922737,-40.119568
THEFT,12,False,5,-16.192978,-27.018917
ASSAULT,16,False,2,-6.213649,-66.58518
ASSAULT,19,False,1,-42.56606,-52.23201
BATTERY,2,True,4,-33.964287,28.457376
THEFT,5,False,3,18.766949,-5.4630127
THEFT,2,False,0,20.094875,11.615421
BATTERY,2,False,3,-4.1309443,17.288837
NARCOTICS,18,False,6,56.981445,23.88018
DECEPTIVE PRACTICE,15,False,0,34.962326,-19.019243
BATTERY,20,True,0,3.1647089,58.613644
THEFT,14,True,3,12.206894,75.9374
OTHER OFFENSE,12,False,0,-5.3514113,2.3592658
MOTOR VEHICLE THEFT,13,False,6,25.309956,-56.443108
ASSAULT,14,False,1,-43.887688,-49.624084
BURGLARY,0,False,0,46.094303,-28.951134
BATTERY,10,False,5,-56.30388,-0.8105285
BATTERY,11,False,4,-20.240568,9.492943
DECEPTIVE PRACTICE,16,False,5,-38.246433,-40.600803
ASSAULT,5,False,2,-59.939594,5.831407
BATTERY,19,False,3,-18.357788,13.40467
THEFT,17,False,5,-52.307274,-24.946026
THEFT,18,False,6,6.974333,-9.632725
CRIMINAL DAMAGE,5,False,4,9.241841,-32.334
CRIMINAL DAMAGE,1,True,3,-1.4352916,50.343998
THEFT,0,True,4,20.182539,73.85048
CRIMINAL DAMAGE,18,False,3,40.658253,-50.44083
WEAPONS VIOLATION,20,False,6,55.270493,30.246828
OTHER OFFENSE,9,False,3,26.237549,21.71222
BATTERY,5,True,2,-31.975477,28.284676
ASSAULT,0,False,1,-27.26423,-48.455273
WEAPONS VIOLATION,0,False,4,47.534355,34.895767
BURGLARY,10,False,6,20.946943,-30.073647
NARCOTICS,23,True,4,24.676617,31.485931
BATTERY,18,False,1,34.19739,16.337502
BATTERY,7,False,1,-57.668655,6.4442997
BATTERY,21,True,2,-48.503815,28.979715
MOTOR VEHICLE THEFT,22,False,3,29.276983,-59.6173
CRIMINAL DAMAGE,18,False,4,23.874668,-48.827145
BATTERY,10,False,1,-57.777954,-32.850994
ASSAULT,9,True,0,11.011098,50.2365
THEFT,14,True,4,2.8151536,69.80725
ASSAULT,15,True,2,7.2678614,28.24228
CRIMINAL DAMAGE,18,False,2,-17.463816,-72.932014
BATTERY,8,False,4,11.421898,-35.511395
THEFT,0,True,5,-33.6327,56.89961
DECEPTIVE PRACTICE,15,True,5,-24.981022,59.97996
THEFT,8,False,2,-26.93564,-22.224882
CRIMINAL DAMAGE,1,False,4,8.406356,-53.320473
THEFT,11,True,2,-38.550285,35.970726
STALKING,8,True,1,-38.97525,33.870476
BATTERY,21,False,4,-44.983124,14.607352
ASSAULT,18,True,3,9.062289,57.217484
OTHER OFFENSE,23,False,6,15.27451,-19.52771
CRIMINAL DAMAGE,5,True,3,-5.5225577,49.464474
MOTOR VEHICLE THEFT,23,False,6,26.440763,-60.112278
OTHER OFFENSE,7,False,3,63.478546,21.609337
BURGLARY,16,False,6,36.293232,-50.097584
SEX OFFENSE,0,False,4,-19.780766,-49.05892
DECEPTIVE PRACTICE,9,True,2,-33.027557,30.973112
OTHER OFFENSE,18,False,1,-56.38192,-9.19354
THEFT,10,False,6,9.030704,-8.885128
THEFT,6,False,2,-41.941883,-1.8791661
ASSAULT,13,True,1,21.74688,34.212906
CRIMINAL DAMAGE,9,False,0,41.316723,-19.468952
ASSAULT,21,False,1,-17.433758,-64.27768
DECEPTIVE PRACTICE,17,False,1,-40.227386,-40.440907
ASSAULT,13,True,2,-22.185556,69.5446
NARCOTICS,18,True,6,28.394175,41.93445
ASSAULT,21,False,0,50.574993,-21.535654
CRIMINAL DAMAGE,2,True,2,-28.605904,52.232555
MOTOR VEHICLE THEFT,0,False,2,-12.957809,-45.954964
CRIMINAL DAMAGE,19,False,1,-51.45028,-34.929382
THEFT,10,True,5,15.158162,29.16049
ROBBERY,16,False,1,-0.21394575,-45.032616
OTHER OFFENSE,0,True,6,7.499996,68.43583
CRIMINAL TRESPASS,6,False,2,-10.579751,-58.73821
CRIMINAL SEXUAL ASSAULT,1,False,4,8.21811,-41.859924
CRIMINAL DAMAGE,15,True,3,6.3584423,60.149517
BATTERY,22,False,0,53.271587,-22.692215
THEFT,14,False,2,-25.094969,-19.24823
THEFT,6,False,4,-5.202425,-11.813208
ASSAULT,17,True,2,-19.706047,70.329185
ASSAULT,23,True,5,21.585312,36.196495
BATTERY,15,False,5,-42.20168,-50.23479
ASSAULT,22,False,4,-5.6632595,-64.890465
ASSAULT,22,True,4,-12.170671,28.914457
THEFT,1,False,2,-42.62267,-0.56447524
ASSAULT,17,False,6,23.504158,-35.10083
OTHER OFFENSE,16,False,0,19.133467,8.897212
THEFT,19,False,5,-19.04679,-27.51866
OTHER OFFENSE,13,False,2,44.77994,22.167278
BATTERY,21,False,6,-21.77271,13.740582
ASSAULT,16,False,6,34.299747,-49.444473
MOTOR VEHICLE THEFT,23,False,4,-4.6248794,-40.410946
ASSAULT,1,True,4,-10.798912,51.585598
THEFT,0,False,1,-51.817356,-27.78417
CONCEALED CARRY LICENSE VIOLATION,19,True,5,27.369652,33.738945
MOTOR VEHICLE THEFT,21,False,2,-10.177371,-66.51337
THEFT,20,True,0,13.867348,74.51615
BATTERY,4,True,2,-32.051517,27.92864
THEFT,14,False,1,-28.295492,-18.673859
WEAPONS VIOLATION,9,False,6,52.123356,33.67988
OTHER OFFENSE,15,False,5,-41.614582,1.2278925
THEFT,7,False,2,-28.167177,-14.346208
CRIMINAL DAMAGE,18,False,4,-7.348169,-63.139877
THEFT,12,False,4,5.6335588,-25.535772
BATTERY,4,False,2,-48.097076,9.507167
CRIMINAL DAMAGE,13,False,6,-3.4243107,15.137687
OTHER OFFENSE,6,True,1,-33.966446,55.04484
MOTOR VEHICLE THEFT,18,False,2,-16.488026,-70.39528
CRIMINAL DAMAGE,5,True,1,-44.61084,33.84773
DECEPTIVE PRACTICE,9,True,4,-26.787052,53.62704
BURGLARY,7,False,5,-32.804325,-47.396507
BURGLARY,18,False,4,-12.430714,-72.93074
STALKING,11,True,6,-8.727136,47.173916
BATTERY,1,True,1,-28.05525,65.88721
THEFT,13,True,0,17.301275,70.54584
ASSAULT,9,False,6,31.864677,-44.792038
CRIMINAL DAMAGE,1,False,0,58.992783,18.51632
BATTERY,23,False,1,-43.392338,-52.36887
BATTERY,16,False,3,-16.651657,-0.29656172
THEFT,10,True,2,-33.273758,51.586613
THEFT,6,False,6,14.271489,-23.003002
THEFT,18,False,2,-23.451935,-20.237335
HOMICIDE,19,False,2,-16.679441,-47.326828
CRIMINAL DAMAGE,1,False,2,-8.961832,-35.725838
THEFT,10,False,1,-29.539633,-21.181334
DECEPTIVE PRACTICE,20,False,0,50.730923,-16.04636
THEFT,17,False,2,-29.08692,-15.499348
OTHER OFFENSE,18,False,5,-40.465458,-19.63105
BATTERY,4,False,5,-55.9071,-0.7053457
DECEPTIVE PRACTICE,16,False,4,-5.658899,-37.96399
CRIMINAL DAMAGE,19,True,6,7.3584113,63.084747
CRIMINAL DAMAGE,0,False,2,-13.227997,-52.431362
ASSAULT,12,False,4,9.792627,-55.69914
CRIMINAL DAMAGE,21,True,6,0.4211392,60.52182
OTHER OFFENSE,0,False,0,31.749096,-11.984516
BURGLARY,2,False,5,-25.038034,-41.13531
OFFENSE INVOLVING CHILDREN,1,False,2,-57.29538,8.156612
THEFT,13,False,4,-5.3914523,-14.763596
THEFT,20,False,0,32.115585,-0.73255736
ASSAULT,21,False,6,21.488857,-33.22216
WEAPONS VIOLATION,15,False,2,45.726475,32.962944
MOTOR VEHICLE THEFT,10,False,2,-9.763559,-56.58299
PUBLIC PEACE VIOLATION,9,False,4,16.724321,-16.476942
THEFT,3,True,6,-21.74496,35.711674
THEFT,5,False,6,12.231729,-10.700657
MOTOR VEHICLE THEFT,16,False,1,-56.521214,-29.879604
THEFT,15,False,4,-4.795457,-12.797996
THEFT,15,False,4,28.433603,-7.18187
BATTERY,20,True,6,-8.364152,53.460686
CRIMINAL DAMAGE,23,False,0,51.803795,-16.45044
OTHER OFFENSE,16,False,0,8.232427,-3.924652
CRIMINAL DAMAGE,0,False,6,-17.048296,8.119978
THEFT,18,False,1,-37.8982,-18.37416
ASSAULT,17,False,3,38.398045,-38.403324
THEFT,20,False,3,25.340654,-13.650548
NARCOTICS,19,False,3,28.347357,-60.287903
NARCOTICS,19,False,6,55.40947,22.719276
MOTOR VEHICLE THEFT,2,True,5,-26.369999,62.742794
OTHER OFFENSE,20,False,2,44.232677,20.515144
THEFT,12,False,4,17.960669,-19.15554
OTHER OFFENSE,20,False,1,-18.388975,-26.183556
THEFT,18,True,3,12.742008,68.5146
MOTOR VEHICLE THEFT,11,False,0,48.660168,-17.160482
BATTERY,7,False,3,36.549015,-43.92673
THEFT,12,False,6,8.158384,-11.841166
THEFT,3,True,0,19.170977,71.58545
THEFT,17,False,4,64.33148,20.097834
THEFT,15,False,4,-2.279597,-15.456547
CRIMINAL DAMAGE,0,False,2,-49.2072,9.434595
ASSAULT,13,False,1,-61.86852,1.2808253
THEFT,13,True,4,14.471406,71.80353
THEFT,17,False,5,-41.72076,-27.41874
THEFT,1,True,4,18.604929,65.45327
INTERFERENCE WITH PUBLIC OFFICER,11,False,4,47.732525,15.858355
BATTERY,3,False,4,-13.697242,7.838105
MOTOR VEHICLE THEFT,7,False,6,47.04365,-41.59576
DECEPTIVE PRACTICE,18,False,1,-56.17621,-31.311102
OTHER OFFENSE,19,False,2,-18.640404,-21.936338
MOTOR VEHICLE THEFT,19,True,2,-19.097057,74.04132
ASSAULT,15,False,6,28.101473,-55.028896
BATTERY,10,False,1,-58.75437,-6.6525197
PUBLIC PEACE VIOLATION,15,False,3,70.62719,-5.3961787
THEFT,10,True,4,0.6274112,77.60843
THEFT,10,True,2,-33.75955,51.81254
BURGLARY,5,True,5,-26.994741,62.013256
BATTERY,4,False,6,-0.20930664,18.286068
THEFT,13,True,0,17.257595,70.04924
BURGLARY,12,False,1,-19.801855,-63.612225
CRIMINAL DAMAGE,19,False,6,39.939003,-50.21916
THEFT,9,False,6,-7.9855423,2.9279037
BATTERY,2,False,1,-28.558626,-50.613396
BATTERY,9,False,4,-56.544426,4.739955
ASSAULT,8,False,4,-47.89382,11.510472
BURGLARY,4,False,4,-5.3643274,-53.476868
CRIMINAL TRESPASS,12,False,4,-41.848137,4.7413077
BATTERY,8,False,3,-18.42744,-0.26216924
BATTERY,7,False,6,29.251516,-30.88434
BATTERY,20,False,4,-5.119108,-64.72662
THEFT,14,False,2,-16.003922,-20.316362
THEFT,10,False,0,35.607456,-4.9691424
THEFT,20,False,4,-22.105358,-16.070717
MOTOR VEHICLE THEFT,0,False,4,5.010472,-38.595085
OTHER OFFENSE,19,False,6,59.927586,21.652925
BATTERY,0,True,6,-0.45092896,47.75683
ASSAULT,21,False,6,36.88221,-53.565598
MOTOR VEHICLE THEFT,20,False,1,-13.505603,-69.570656
BATTERY,22,True,2,7.609435,28.065985
MOTOR VEHICLE THEFT,20,True,3,10.665681,58.42035
BURGLARY,21,True,2,-19.267439,70.23567
BATTERY,18,True,6,24.012026,40.603577
DECEPTIVE PRACTICE,17,True,4,13.659872,53.373512
CRIMINAL DAMAGE,23,True,1,-20.63214,64.77058
BURGLARY,0,False,4,29.19977,-38.555004
THEFT,11,True,3,25.851383,45.253967
ASSAULT,19,False,3,43.958313,-46.094177
THEFT,21,True,0,12.530529,68.781685
MOTOR VEHICLE THEFT,6,False,6,25.513601,-40.791508
MOTOR VEHICLE THEFT,7,False,2,-13.723953,-43.233917
CRIMINAL TRESPASS,0,False,4,42.821083,-30.394573
THEFT,19,False,0,32.523537,-1.5252283
BURGLARY,5,False,3,68.01643,-7.497783
MOTOR VEHICLE THEFT,4,False,3,57.256393,19.047281
BURGLARY,18,False,4,-6.3591084,-64.49048
THEFT,20,False,4,-2.0901203,-14.477546
BATTERY,11,True,2,-47.79139,30.51855
CRIMINAL DAMAGE,20,False,3,67.86594,-7.538135
THEFT,13,True,3,11.725729,76.51041
CRIMINAL SEXUAL ASSAULT,15,True,4,-4.8191547,60.62707
BATTERY,23,False,1,-40.857437,10.868066
THEFT,15,False,3,20.938307,-10.169359
CRIMINAL DAMAGE,18,False,2,-13.459979,-62.884045
ROBBERY,22,False,2,-2.0806186,-44.73351
WEAPONS VIOLATION,18,True,6,34.81457,39.87449
BATTERY,9,False,4,-0.46112794,17.841463
CRIMINAL TRESPASS,14,False,1,-6.6490726,-58.847485
DECEPTIVE PRACTICE,0,False,1,-32.028847,-49.296585
CRIMINAL DAMAGE,7,True,1,-30.602709,66.70332
ROBBERY,5,True,5,-19.601452,52.73092
NARCOTICS,9,False,6,57.849976,21.33226
ASSAULT,1,False,2,-60.509182,7.702014
THEFT,23,True,1,-38.820175,62.70805
THEFT,19,True,0,18.22944,14.32039
CRIMINAL TRESPASS,18,True,1,22.455362,30.946344
CRIMINAL DAMAGE,1,False,1,-50.34829,-34.515434
BATTERY,18,False,4,9.580949,-56.22886
BATTERY,0,True,5,-43.303074,32.21279
BATTERY,14,False,2,-9.100347,-43.66839
THEFT,10,True,1,-31.188747,55.13941
CRIMINAL DAMAGE,15,False,6,39.067177,-50.223873
ASSAULT,4,False,4,-48.3495,11.217849
MOTOR VEHICLE THEFT,20,True,4,-4.4029217,76.95018
THEFT,13,False,4,-16.634249,-26.995499
CRIMINAL DAMAGE,21,True,4,-22.66953,76.491646
WEAPONS VIOLATION,20,False,6,53.28163,32.368816
BATTERY,7,False,1,-37.286842,-51.585876
ROBBERY,20,True,3,15.022177,57.696156
ASSAULT,19,True,1,-44.652256,29.266607
OTHER OFFENSE,9,False,2,-41.71287,-0.04471146
MOTOR VEHICLE THEFT,13,False,1,-32.835197,-55.022877
BURGLARY,19,True,6,3.1654372,59.118397
BATTERY,8,False,2,-59.23281,5.374429
CRIMINAL TRESPASS,21,True,4,-2.9541993,77.550606
THEFT,16,False,1,-38.308735,-20.385876
NARCOTICS,11,False,6,54.396328,13.814814
BATTERY,20,False,2,-15.483234,-65.004684
THEFT,15,True,4,16.54467,73.0699
ASSAULT,20,False,1,-51.807022,-35.507942
ASSAULT,10,False,5,-41.117977,-49.92234
DECEPTIVE PRACTICE,14,False,5,-39.18109,-43.946907
ASSAULT,21,True,0,-10.779609,28.507946
BATTERY,21,False,2,-47.19519,14.201738
THEFT,13,True,6,9.246237,68.41055
THEFT,16,True,0,10.962125,69.85154
OTHER OFFENSE,9,False,3,18.924383,-6.256081
CRIMINAL DAMAGE,16,False,4,6.53798,-34.56824
MOTOR VEHICLE THEFT,8,False,2,-22.591928,-59.310856
BATTERY,19,False,0,62.836372,12.247104
CRIMINAL DAMAGE,9,False,1,-18.552238,-41.644543
BATTERY,18,False,1,-64.36388,2.351301
THEFT,15,False,2,-25.131546,-18.437227
CRIMINAL DAMAGE,0,False,3,45.21872,-39.3032
BATTERY,1,False,2,-24.046011,-51.912693
THEFT,7,False,3,63.759544,21.559546
BATTERY,22,False,1,-41.24045,10.598009
CRIMINAL TRESPASS,11,False,2,41.40766,15.349833
BATTERY,12,False,1,-43.76119,8.850692
WEAPONS VIOLATION,20,False,3,54.15017,33.020054
MOTOR VEHICLE THEFT,10,False,6,46.785194,-41.792854
MOTOR VEHICLE THEFT,9,False,4,25.59151,-43.15194
THEFT,22,True,3,10.908312,79.453026
THEFT,8,False,6,21.04079,-14.25238
BATTERY,8,False,4,-4.6503444,-51.634087
DECEPTIVE PRACTICE,19,False,6,17.130175,-28.462334
CRIMINAL DAMAGE,19,True,2,-20.060947,75.94649
OTHER OFFENSE,9,True,1,10.235974,27.051846
BATTERY,9,False,6,34.18647,-43.279743
THEFT,23,False,1,-18.531961,-23.405573
BURGLARY,14,False,5,-45.73836,-50.44242
INTERFERENCE WITH PUBLIC OFFICER,19,True,4,26.000084,32.87309
MOTOR VEHICLE THEFT,0,False,6,30.177778,-40.385494
BATTERY,11,False,6,-21.632338,12.311731
OTHER OFFENSE,12,False,3,17.804144,-23.256205
BATTERY,17,False,3,35.63147,-41.727802
THEFT,7,False,3,15.75442,-8.280222
STALKING,15,False,3,18.21219,-39.966656
OTHER OFFENSE,19,False,2,-46.565964,-6.0900984
CRIMINAL DAMAGE,7,False,5,-35.30084,-44.748726
CRIMINAL DAMAGE,7,False,2,-8.901892,-35.11791
OTHER OFFENSE,10,False,5,-50.510952,-5.2296906
BURGLARY,7,False,0,44.06857,-33.524624
THEFT,16,False,2,-18.198511,-23.103924
WEAPONS VIOLATION,2,False,4,51.210987,34.633987
BATTERY,9,False,2,-62.20795,6.087815
MOTOR VEHICLE THEFT,19,False,5,-47.379494,-45.839867
THEFT,18,False,4,63.404045,18.267042
BATTERY,9,False,0,42.38374,-19.776102
THEFT,14,True,6,-20.633444,35.306854
CRIMINAL DAMAGE,2,False,2,-61.23764,8.446578
BATTERY,10,True,3,-3.04234,53.154484
OTHER OFFENSE,0,True,5,-42.159386,34.851173
CRIMINAL TRESPASS,14,False,0,36.705452,-18.636566
THEFT,11,False,4,-3.654681,-15.470241
THEFT,22,True,0,14.1252985,74.737465
BATTERY,21,False,1,-58.06546,-32.58626
WEAPONS VIOLATION,20,True,6,33.66918,38.53223
DECEPTIVE PRACTICE,0,False,5,-31.393646,-46.490974
BURGLARY,9,False,1,-37.05197,-48.945835
ASSAULT,16,True,2,-48.9505,29.667046
BURGLARY,21,False,2,-14.676021,-64.77679
ASSAULT,15,False,4,58.367992,10.573409
BATTERY,15,False,3,1.0454967,12.809575
NARCOTICS,11,False,4,51.884975,21.263046
THEFT,18,False,4,7.6637063,-14.893742
MOTOR VEHICLE THEFT,1,False,1,-29.108236,-47.60344
THEFT,19,False,4,27.942904,0.023709634
BURGLARY,20,False,6,35.579903,-50.632973
BURGLARY,12,True,4,12.093695,52.388336
OTHER OFFENSE,3,True,2,-35.814648,34.435802
BATTERY,15,False,2,-61.676743,3.945107
BURGLARY,8,False,6,30.978863,-44.176655
BATTERY,14,True,4,-8.420041,53.733173
BATTERY,22,False,3,-15.397033,1.5589858
ASSAULT,2,False,5,-19.526403,-40.058155
BATTERY,21,False,4,11.699887,-56.66622
THEFT,4,True,0,17.452219,66.89393
OTHER OFFENSE,23,True,6,7.734938,65.96089
CRIMINAL TRESPASS,6,False,4,44.43465,16.77992
ROBBERY,14,True,4,-2.088885,63.822266
THEFT,21,False,6,63.47604,28.860262
DECEPTIVE PRACTICE,0,False,4,-9.5637865,-53.922333
ASSAULT,9,True,1,-18.626598,60.299084
ASSAULT,13,False,2,-20.15803,-69.27615
BATTERY,18,True,2,-25.706587,49.178345
CRIMINAL DAMAGE,13,True,6,4.7143836,60.908455
ROBBERY,12,True,3,16.694595,57.590034
WEAPONS VIOLATION,0,True,6,30.835321,38.437595
BATTERY,13,True,6,-8.560106,52.630093
OTHER OFFENSE,10,False,0,28.455133,-3.3219528
THEFT,12,True,0,17.694359,70.25452
MOTOR VEHICLE THEFT,6,True,3,0.6815213,46.785885
BATTERY,17,False,4,55.937508,11.317322
THEFT,3,False,0,19.28235,10.471196
ASSAULT,12,False,6,22.708708,-30.974892
BATTERY,9,False,0,13.555624,8.577774
THEFT,6,False,3,70.99328,-5.5188937
MOTOR VEHICLE THEFT,3,True,2,-31.032475,71.5203
NARCOTICS,17,False,6,56.71888,23.032246
DECEPTIVE PRACTICE,19,False,5,-38.393215,-46.22909
CRIMINAL DAMAGE,20,False,2,-11.013269,-37.876125
THEFT,3,True,1,-43.54916,53.809937
DECEPTIVE PRACTICE,16,True,4,-3.473821,77.84051
BURGLARY,3,True,1,-28.415255,64.962654
CRIMINAL TRESPASS,12,False,0,36.682655,-18.849539
MOTOR VEHICLE THEFT,15,False,6,59.488697,26.03622
BURGLARY,15,False,5,-42.19996,-49.630142
NARCOTICS,17,False,2,-9.992016,-64.05741
BATTERY,18,True,3,6.5594325,58.559235
MOTOR VEHICLE THEFT,18,False,6,47.39322,-47.25627
OTHER OFFENSE,1,False,3,16.977879,-5.186287
ASSAULT,17,True,3,-10.109935,30.491064
MOTOR VEHICLE THEFT,8,False,2,-16.913328,-58.601357
OTHER OFFENSE,12,False,6,7.5371847,-10.719625
DECEPTIVE PRACTICE,0,True,2,-28.673864,52.19605
DECEPTIVE PRACTICE,6,False,1,-53.23822,-31.894033
BATTERY,11,False,1,-57.732887,0.1946487
ASSAULT,17,True,1,-18.546227,61.200016
THEFT,15,False,2,-46.963226,-6.631578
PUBLIC PEACE VIOLATION,15,False,0,27.851976,-1.6325009
THEFT,0,True,2,-36.718002,67.985596
THEFT,15,False,0,33.527676,-7.1414437
BATTERY,1,False,2,-17.748743,-55.690403
THEFT,7,False,4,34.831112,-6.331835
THEFT,20,True,0,15.883005,68.0265
CRIMINAL DAMAGE,20,False,3,29.509466,-25.472492
BATTERY,6,False,3,45.406017,-40.319942
ASSAULT,18,False,5,-42.39433,-50.420006
OTHER OFFENSE,9,False,5,11.609943,24.672882
BURGLARY,23,True,1,-18.887379,65.34322
ROBBERY,0,False,5,4.494758,16.631474
OTHER OFFENSE,14,False,3,24.379904,-14.173505
CRIMINAL DAMAGE,4,False,2,-15.985516,-56.00366
BATTERY,21,False,6,-21.061785,2.7287536
THEFT,14,False,2,-14.935541,-18.911882
OTHER OFFENSE,15,True,2,-38.3582,65.43665
ARSON,13,False,6,32.41187,-45.722645
BATTERY,1,True,4,-16.289762,33.9727
ASSAULT,20,False,5,4.0349116,22.094408
ASSAULT,1,False,3,0.31685555,17.673964
THEFT,3,False,6,12.982087,-10.999594
WEAPONS VIOLATION,17,False,3,55.27416,32.540382
BURGLARY,11,True,6,-2.4468033,66.24654
THEFT,15,True,4,-1.2068095,79.59797
WEAPONS VIOLATION,8,True,2,-25.921791,67.731895
ASSAULT,15,False,4,28.366379,-53.055458
OTHER OFFENSE,22,False,3,20.701159,-17.419697
DECEPTIVE PRACTICE,0,False,4,21.821909,-44.065304
BATTERY,21,False,4,-22.25368,10.505124
BATTERY,15,False,3,29.579596,-32.525883
BATTERY,11,False,4,21.706669,-31.077864
CRIMINAL DAMAGE,1,False,2,-30.812601,-51.00868
DECEPTIVE PRACTICE,18,False,4,52.11178,-27.188496
STALKING,14,False,5,-20.349113,-47.08345
MOTOR VEHICLE THEFT,4,False,2,-19.901167,-56.71107
THEFT,5,False,4,-15.722546,-26.972706
BATTERY,21,False,1,-62.12121,0.5712532
BATTERY,19,False,6,-21.84161,12.975855
THEFT,8,False,3,16.427437,-23.306976
THEFT,9,False,4,-25.617634,-15.400485
NARCOTICS,21,True,2,-27.248072,48.13505
OFFENSE INVOLVING CHILDREN,8,False,0,-20.515884,-1.8652105
CRIMINAL DAMAGE,3,False,1,-53.848747,-29.96942
ASSAULT,22,False,4,50.441246,-21.423891
OTHER OFFENSE,5,False,2,-48.113434,-3.960261
OTHER OFFENSE,20,False,0,18.163752,11.986912
ASSAULT,8,True,5,-23.940166,61.539413
INTERFERENCE WITH PUBLIC OFFICER,19,True,1,-20.938889,65.74912
CRIMINAL DAMAGE,0,False,4,-32.21394,-49.86402
DECEPTIVE PRACTICE,12,False,6,9.232198,-31.925785
DECEPTIVE PRACTICE,1,True,4,6.4740386,51.55283
BATTERY,21,False,0,11.503427,9.220223
BURGLARY,13,False,4,63.73292,13.337731
THEFT,21,True,6,10.367352,74.354
ROBBERY,14,True,3,15.165478,57.47261
THEFT,3,True,4,1.1683507,77.588905
ASSAULT,6,False,6,-18.988619,2.7168689
BATTERY,8,False,1,-44.333138,8.017426
BATTERY,21,True,1,7.3053656,27.050505
CRIMINAL DAMAGE,23,True,1,-17.41692,67.532074
WEAPONS VIOLATION,21,False,3,50.288826,-48.89515
CRIMINAL DAMAGE,17,True,1,-20.07691,63.847504
CRIMINAL DAMAGE,0,True,1,-28.168528,63.407764
DECEPTIVE PRACTICE,12,False,3,33.721344,-20.609232
BATTERY,12,False,2,-58.024975,1.6575187
WEAPONS VIOLATION,16,False,5,49.37653,30.983335
DECEPTIVE PRACTICE,7,True,3,1.854952,48.74603
OTHER OFFENSE,16,True,6,26.809713,44.411285
THEFT,10,False,4,66.25381,27.556442
MOTOR VEHICLE THEFT,15,False,3,40.63186,-42.743412
BATTERY,2,True,4,21.115648,41.570488
BATTERY,8,True,6,-9.801108,52.219166
BATTERY,17,False,0,43.19571,-19.5468
OTHER OFFENSE,22,True,3,10.786468,75.68465
THEFT,12,False,1,-53.857563,-26.863008
PUBLIC PEACE VIOLATION,21,True,6,28.848263,42.315563
DECEPTIVE PRACTICE,10,True,2,-31.331686,68.00239
CRIMINAL DAMAGE,10,False,3,35.57011,-36.041077
CRIMINAL DAMAGE,10,True,1,-44.09225,33.548992
MOTOR VEHICLE THEFT,2,False,4,-30.035194,-47.83939
CRIMINAL DAMAGE,4,False,6,24.176508,-26.624355
BURGLARY,10,False,2,-12.113417,-42.653034
BATTERY,14,False,1,-11.7357,-41.129715
SEX OFFENSE,9,False,1,-62.234688,-5.477213
THEFT,21,False,5,-41.436626,-24.695124
THEFT,20,False,3,17.033298,-1.788626
THEFT,3,True,6,-21.743355,35.752205
ASSAULT,21,False,3,61.566525,10.78943
DECEPTIVE PRACTICE,0,False,4,7.5213604,-50.166798
HOMICIDE,18,False,5,-19.093597,-45.759926
CRIMINAL TRESPASS,9,False,4,60.025414,15.2617445
WEAPONS VIOLATION,17,False,2,46.011993,33.42765
NARCOTICS,0,False,6,56.66242,19.968246
ROBBERY,8,False,1,-20.146235,-47.23899
THEFT,18,False,5,-50.619904,-8.905571
INTERFERENCE WITH PUBLIC OFFICER,3,False,3,27.607931,-22.49307
THEFT,15,True,2,-34.002296,51.302727
BATTERY,21,True,0,-15.670178,26.262129
NARCOTICS,19,False,4,56.66712,24.773533
THEFT,18,True,6,4.241739,71.81508
SEX OFFENSE,19,False,3,21.844942,-62.323147
THEFT,23,False,5,-40.750256,-23.63598
OTHER OFFENSE,8,False,0,30.44787,-5.3134995
BATTERY,4,False,3,45.941242,-38.98545
BATTERY,13,False,3,-20.11194,12.163705
MOTOR VEHICLE THEFT,9,False,1,-20.995344,-59.059673
THEFT,11,False,3,69.887535,-5.217917
BATTERY,22,True,4,0.48147216,64.578476
BURGLARY,18,False,5,-20.607403,-37.26635
ASSAULT,13,True,2,-23.608839,69.986916
BURGLARY,14,False,4,13.675779,-52.99864
BATTERY,17,False,0,-13.314719,11.819372
ASSAULT,4,False,0,-13.216148,8.603251
THEFT,22,True,2,-41.17843,64.15785
CRIMINAL SEXUAL ASSAULT,8,True,1,-24.096857,67.31796
THEFT,17,False,6,-6.6581674,3.0755453
CRIMINAL DAMAGE,2,True,6,-2.2904935,51.866947
BATTERY,23,False,1,-41.654568,11.212837
THEFT,14,False,4,16.66942,-20.838669
THEFT,9,False,2,-15.360883,-21.543398
THEFT,12,True,5,-35.962097,58.69603
ASSAULT,22,False,2,-12.669822,-38.34771
CRIMINAL DAMAGE,15,False,0,36.04649,-34.740387
BATTERY,2,True,0,7.579146,48.42521
CRIMINAL DAMAGE,18,False,6,-23.084805,12.296397
ASSAULT,18,False,6,31.429255,-51.496613
ASSAULT,17,False,6,30.984814,-49.730114
BURGLARY,0,False,5,-32.22041,-42.724075
CRIMINAL DAMAGE,8,False,2,-14.012753,-53.965576
THEFT,0,False,2,-27.065329,-24.985777
BATTERY,22,True,3,-10.070327,27.91645
BATTERY,8,False,6,25.733854,-29.036394
MOTOR VEHICLE THEFT,18,False,4,-10.649934,-67.94321
THEFT,23,False,3,22.696863,-9.334861
BATTERY,18,True,0,11.328256,46.39909
BURGLARY,5,True,5,-26.62339,61.498802
WEAPONS VIOLATION,20,False,6,52.332146,30.359064
CRIMINAL DAMAGE,18,False,4,-11.532205,-71.31213
CRIMINAL DAMAGE,7,False,6,45.352764,-37.617878
NARCOTICS,12,False,1,38.324978,16.759989
BURGLARY,22,False,2,-12.535659,-73.2772
PUBLIC PEACE VIOLATION,11,False,1,8.510512,14.298095
OTHER OFFENSE,19,False,1,-38.115276,0.642984
THEFT,23,True,2,-38.149677,64.276306
NARCOTICS,8,True,6,26.027058,41.06683
THEFT,19,False,5,-40.768906,-18.69533
ASSAULT,15,False,1,-13.646236,-37.495632
THEFT,9,False,0,32.842525,-3.9629126
ASSAULT,16,True,4,23.099945,34.315327
MOTOR VEHICLE THEFT,22,False,4,37.057537,-55.418056
ASSAULT,10,True,1,-23.83862,63.04763
OFFENSE INVOLVING CHILDREN,17,True,6,-12.216739,30.918451
BATTERY,13,False,3,-15.513985,2.9944515
BATTERY,12,True,0,-16.038652,25.914722
THEFT,22,False,6,12.522515,-18.382715
BATTERY,17,False,0,10.086203,10.367492
BATTERY,23,True,0,9.594568,51.296963
THEFT,15,False,4,-24.43951,-14.41624
PUBLIC PEACE VIOLATION,16,True,0,26.17638,47.224323
OFFENSE INVOLVING CHILDREN,12,False,1,-27.565125,-59.47213
THEFT,18,False,5,-41.633095,-26.809227
BURGLARY,0,False,4,23.532639,-44.022728
CRIMINAL TRESPASS,5,False,4,7.5857196,-50.13315
BURGLARY,3,True,4,-3.9440656,65.3816
BURGLARY,8,False,5,-20.637503,-42.17549
MOTOR VEHICLE THEFT,19,False,6,28.573582,-58.35346
ASSAULT,4,True,2,-47.70018,32.441723
BATTERY,17,False,4,-26.80298,4.4046144
BATTERY,12,False,6,32.399628,-45.35249
THEFT,17,True,4,15.6777315,71.5794
CRIMINAL TRESPASS,7,False,6,48.75704,-43.221188
BATTERY,5,False,2,-22.913641,-65.16392
BURGLARY,4,False,5,-35.482014,-50.609642
THEFT,21,False,5,-41.16998,-23.647547
BATTERY,9,True,5,-34.923893,28.1273
THEFT,15,False,5,-40.526432,-20.86109
ROBBERY,1,True,5,-19.372925,52.580246
THEFT,0,False,6,12.693983,-12.212635
BURGLARY,23,False,6,30.544556,-52.639954
BATTERY,17,True,3,-1.0739121,27.487864
THEFT,9,False,2,-26.962925,-20.584797
DECEPTIVE PRACTICE,9,False,6,20.102148,-26.264202
BATTERY,17,True,1,-22.218145,62.79992
OTHER OFFENSE,0,False,4,30.318453,-13.0520315
CRIMINAL TRESPASS,15,False,4,-7.715186,-60.881004
MOTOR VEHICLE THEFT,23,False,2,-13.371138,-66.04911
THEFT,15,False,3,70.64085,-5.3815885
CRIMINAL DAMAGE,23,True,2,-18.188808,70.23306
INTERFERENCE WITH PUBLIC OFFICER,12,False,5,37.50101,14.038989
NARCOTICS,9,True,6,27.909569,41.176575
THEFT,13,False,4,5.402204,-27.253986
THEFT,2,False,6,13.184358,-10.135721
BATTERY,9,False,4,-7.9543295,-50.681046
BURGLARY,13,False,4,-5.62945,-62.404213
BATTERY,8,False,3,61.35093,9.3593855
CRIMINAL DAMAGE,17,False,4,-40.76885,-43.492214
CRIMINAL DAMAGE,22,True,6,9.7333,58.506138
THEFT,18,False,2,-38.449726,-22.607613
BATTERY,10,False,3,-19.223204,10.313801
MOTOR VEHICLE THEFT,21,True,1,-18.371101,67.63928
THEFT,12,True,0,16.258444,72.73996
BURGLARY,20,True,5,-19.554531,62.38886
THEFT,16,False,0,34.293495,-2.0817654
THEFT,19,False,6,8.2705145,-5.6013513
BURGLARY,0,False,4,7.608576,-53.199337
NARCOTICS,2,False,5,44.069763,27.18125
BURGLARY,15,False,0,35.179947,-37.577286
ASSAULT,12,False,4,13.787338,-53.6029
BATTERY,15,True,0,10.097543,51.16314
BURGLARY,3,False,4,49.4987,-30.097092
CRIMINAL DAMAGE,5,True,6,21.425415,41.880997
OTHER OFFENSE,16,False,5,42.575928,24.604458
BURGLARY,3,False,0,44.53869,-34.340004
OTHER OFFENSE,0,False,0,-1.989206,1.3573141
NARCOTICS,21,False,2,40.36053,20.408611
ASSAULT,16,True,1,-43.16134,50.0572
NARCOTICS,16,False,6,58.88436,23.25446
OTHER OFFENSE,12,False,2,-41.626686,-0.04459096
THEFT,18,False,3,63.942337,23.455822
CRIMINAL DAMAGE,16,True,2,22.72283,31.656992
BATTERY,10,True,6,-18.61,28.509329
DECEPTIVE PRACTICE,0,True,5,-28.47619,62.861626
BURGLARY,12,False,3,40.779808,-45.472904
ASSAULT,19,False,5,-18.708218,-36.640636
CRIMINAL SEXUAL ASSAULT,12,False,4,8.30969,-41.748516
BATTERY,10,True,5,5.6757236,30.830837
ROBBERY,2,True,6,1.879845,43.36032
BURGLARY,9,False,6,30.651867,-44.353363
DECEPTIVE PRACTICE,19,False,1,-41.179893,-40.011414
ASSAULT,11,True,1,-45.728516,30.637794
CRIMINAL DAMAGE,20,True,2,-33.82403,30.565258
BURGLARY,10,False,0,46.991837,-17.799555
BATTERY,1,False,0,-15.2420435,4.562777
BATTERY,8,False,6,60.253674,8.883408
THEFT,19,False,6,13.265213,-18.920092
THEFT,21,True,6,9.590542,73.50822
THEFT,5,False,2,-32.472965,-21.526365
ASSAULT,8,False,2,-22.403973,-67.5421
CRIMINAL DAMAGE,1,False,1,-52.828075,-32.342514
THEFT,12,False,3,20.278185,-15.856759
THEFT,5,False,4,-36.67648,-23.112114
MOTOR VEHICLE THEFT,6,False,0,45.47662,-34.131123
CRIMINAL DAMAGE,11,False,4,24.17498,-53.704124
CRIMINAL DAMAGE,8,False,4,39.20526,25.050964
THEFT,15,True,4,-0.0717878,77.931816
THEFT,13,True,0,15.775605,67.075386
ROBBERY,13,False,4,1.1317503,-43.631275
BURGLARY,3,False,2,-14.9208145,-57.321354
CRIMINAL DAMAGE,8,False,1,-22.583525,-60.479935
NARCOTICS,11,False,4,40.91152,25.511772
DECEPTIVE PRACTICE,0,False,0,25.745054,-23.52742
ASSAULT,18,False,5,2.8989782,21.337233
OTHER OFFENSE,18,True,4,-21.93502,77.88693
SEX OFFENSE,20,False,4,0.98432976,-46.33965
DECEPTIVE PRACTICE,0,False,5,-52.13718,-31.265228
BATTERY,21,False,1,-39.81952,-49.9754
MOTOR VEHICLE THEFT,0,True,5,25.170214,35.740456
NARCOTICS,17,False,5,41.08779,25.502678
ROBBERY,18,True,2,-15.876009,71.481705
OTHER OFFENSE,21,True,2,25.606428,30.834782
ASSAULT,11,False,1,-20.916756,-64.0577
BATTERY,0,False,4,-8.9336815,-52.559467
THEFT,11,False,5,-43.27658,-25.60857
THEFT,13,False,0,27.02598,-2.5409927
BATTERY,16,True,2,22.864815,33.126278
BATTERY,20,False,3,-16.389856,0.7759481
MOTOR VEHICLE THEFT,8,False,1,-32.474453,-53.42694
ASSAULT,1,False,3,43.005978,-39.137207
CRIMINAL TRESPASS,18,False,4,59.874886,16.461964
OTHER OFFENSE,4,False,2,-28.615286,-23.678877
WEAPONS VIOLATION,18,False,6,21.943056,-62.177204
MOTOR VEHICLE THEFT,1,False,3,49.061543,-39.629486
OTHER OFFENSE,19,True,3,-19.224266,37.23908
CONCEALED CARRY LICENSE VIOLATION,2,True,4,25.79909,38.71725
BURGLARY,6,False,2,-14.704242,-54.123867
THEFT,7,False,0,28.58396,-3.4024181
BATTERY,16,False,4,-44.641064,-53.417633
BATTERY,15,True,2,-22.027557,69.67881
CRIMINAL DAMAGE,11,True,5,-24.73982,54.950382
CRIMINAL DAMAGE,22,True,2,-20.84317,68.726166
THEFT,8,True,3,68.80716,-3.911083
OTHER OFFENSE,14,False,6,7.9664354,-6.9909534
CRIMINAL DAMAGE,19,False,6,18.804167,-29.138357
CRIMINAL DAMAGE,16,False,0,57.609585,14.624401
MOTOR VEHICLE THEFT,20,True,4,-2.0668733,64.84419
THEFT,18,True,0,15.824288,69.55859
DECEPTIVE PRACTICE,12,False,2,-11.475347,-60.060974
BATTERY,16,False,2,-57.745075,3.5326474
NARCOTICS,18,False,1,38.66918,16.202993
THEFT,8,False,4,64.62281,29.22963
WEAPONS VIOLATION,20,True,4,33.48035,39.033707
CRIMINAL DAMAGE,18,True,1,-17.97248,63.9994
THEFT,12,True,2,-33.769054,51.799145
BATTERY,9,False,6,31.75174,-27.490078
OTHER OFFENSE,19,False,6,15.73254,-21.572624
ASSAULT,10,False,1,-27.54323,-52.361343
OTHER OFFENSE,10,True,3,12.5119915,77.916756
BATTERY,17,True,4,-11.72266,30.739056
ASSAULT,0,False,2,-12.96553,-44.186882
DECEPTIVE PRACTICE,19,False,0,41.555653,-17.143604
ASSAULT,17,False,6,60.543034,10.5490465
ASSAULT,1,False,2,-48.75142,10.453062
BURGLARY,19,False,4,50.74004,-23.10913
BATTERY,16,False,2,6.6059713,21.341164
CRIMINAL DAMAGE,7,False,0,35.90348,-20.99156
THEFT,8,True,4,16.861025,73.21057
ASSAULT,19,False,1,-18.186377,-67.82124
WEAPONS VIOLATION,23,True,2,33.135193,35.214096
THEFT,20,True,6,8.591468,73.8017
CRIMINAL DAMAGE,22,False,5,-44.307743,-43.78732
CRIMINAL DAMAGE,0,True,2,-32.38208,29.478518
BATTERY,16,False,4,-0.7440101,16.821033
MOTOR VEHICLE THEFT,23,False,6,26.758951,-59.467457
BATTERY,3,False,2,-16.904116,-55.49503
BATTERY,1,False,2,-48.913437,7.686724
THEFT,11,False,2,-29.645285,-19.185099
OFFENSE INVOLVING CHILDREN,0,False,2,-50.344803,12.083717
THEFT,7,False,0,19.2332,10.2910595
BURGLARY,3,True,6,0.36208,52.877487
CRIMINAL DAMAGE,17,True,5,-17.739288,62.90522
CRIMINAL DAMAGE,4,True,1,-28.119999,63.597103
CRIMINAL TRESPASS,22,True,3,9.789151,58.174885
BATTERY,11,False,4,45.987007,-22.236073
THEFT,16,False,4,8.028199,-15.071285
BURGLARY,16,False,0,54.124336,-26.917028
ASSAULT,14,False,5,34.22216,21.082336
BURGLARY,21,False,3,41.39985,-46.357246
SEX OFFENSE,12,False,5,-29.02875,-56.9794
BATTERY,17,True,2,22.628616,33.62209
BATTERY,13,True,1,-46.321926,28.71512
THEFT,4,True,4,-38.026196,68.0871
THEFT,12,False,2,-41.522163,-2.0359259
BATTERY,22,True,5,-36.759823,26.19956
DECEPTIVE PRACTICE,14,False,6,6.4000773,-33.729614
BATTERY,5,False,5,-56.23707,-1.6541333
CRIMINAL DAMAGE,11,True,6,-20.50303,27.42185
CRIMINAL TRESPASS,0,False,4,36.499508,-22.353636
BURGLARY,16,True,0,10.556153,53.13162
BATTERY,10,True,2,-34.06453,26.498697
CRIMINAL SEXUAL ASSAULT,23,False,4,19.570776,-63.48936
ASSAULT,0,True,1,-46.54599,33.433475
WEAPONS VIOLATION,22,True,6,13.21382,57.21452
BURGLARY,11,False,1,-17.980606,-40.303944
BATTERY,13,False,3,-18.704752,1.36555
NARCOTICS,14,False,3,61.5272,23.072317
WEAPONS VIOLATION,22,True,3,14.823914,57.652428
ASSAULT,11,False,2,-18.116093,-61.962353
THEFT,13,False,4,-21.141829,-17.923061
THEFT,7,False,1,-27.865507,-16.538702
BATTERY,16,False,5,34.441235,20.713072
BATTERY,1,True,6,-19.162296,30.031244
WEAPONS VIOLATION,20,False,6,53.05633,31.74218
NARCOTICS,21,False,3,58.41616,24.321491
THEFT,1,False,1,-52.72405,-28.294573
DECEPTIVE PRACTICE,9,True,1,-42.004677,52.595463
CRIMINAL DAMAGE,16,False,5,-41.74245,-42.14936
NARCOTICS,16,True,6,23.727638,42.94202
NARCOTICS,23,False,0,66.24809,16.713938
THEFT,8,False,3,16.586643,-4.188394
THEFT,0,False,2,-28.662834,-13.159691
DECEPTIVE PRACTICE,12,True,4,-25.313154,76.80322
OTHER OFFENSE,18,False,6,-8.55942,4.486425
THEFT,12,False,0,28.915655,-2.1462896
OTHER OFFENSE,12,True,1,-34.390923,55.01597
CRIMINAL DAMAGE,9,True,5,6.3894567,26.867933
MOTOR VEHICLE THEFT,18,False,2,-15.0243025,-71.43444
ARSON,4,True,6,2.148884,53.284454
THEFT,16,False,1,-16.513968,-20.68016
ROBBERY,19,False,3,50.443184,-48.940445
ASSAULT,1,True,2,5.5688167,28.017078
THEFT,19,False,5,-19.420767,-27.722424
THEFT,0,False,1,-42.80135,-0.46984822
THEFT,12,True,3,27.71389,45.412403
THEFT,18,False,0,31.970148,-0.9321204
CRIMINAL TRESPASS,14,True,1,-26.091637,54.0903
BATTERY,19,False,1,-60.741657,0.024788057
ASSAULT,10,False,5,-19.943508,-39.440968
ASSAULT,6,True,3,-0.35271633,48.97724
BATTERY,20,False,1,35.5678,20.339775
DECEPTIVE PRACTICE,14,True,4,5.469297,61.514137
THEFT,23,False,1,-55.468628,-26.512156
THEFT,9,True,0,17.931095,70.40417
THEFT,19,False,4,28.855484,0.15467457
BATTERY,6,True,3,-0.8074116,30.076765
CRIMINAL DAMAGE,15,True,4,-25.353683,76.42945
BATTERY,22,True,3,-18.913742,25.180782
MOTOR VEHICLE THEFT,9,False,5,-34.729538,-52.814007
BATTERY,3,True,6,-10.575919,51.728516
BATTERY,18,False,3,70.25388,-7.8735194
DECEPTIVE PRACTICE,14,False,4,-7.0997734,-40.336147
BATTERY,8,False,0,63.973118,12.851023
ROBBERY,3,False,1,-25.078503,-56.215412
MOTOR VEHICLE THEFT,5,False,6,29.33584,-41.86734
ASSAULT,13,False,1,-55.573677,-33.917366
OTHER OFFENSE,21,False,5,-40.5425,-19.24619
NARCOTICS,18,False,1,39.317722,28.462387
BATTERY,21,True,6,-22.077827,26.40952
HOMICIDE,16,False,6,19.397379,-63.34858
THEFT,11,True,3,11.466407,80.07102
CRIMINAL DAMAGE,15,True,6,-11.302125,33.321415
ASSAULT,13,False,6,32.4482,-44.68076
DECEPTIVE PRACTICE,0,False,3,26.07408,-23.20441
BATTERY,15,False,2,-20.56768,-65.524216
CRIMINAL DAMAGE,21,False,0,-20.64024,15.006938
BATTERY,1,True,2,5.2523556,29.11227
THEFT,15,True,0,17.022243,69.66103
OTHER OFFENSE,11,False,1,-47.808018,-5.9662495
BURGLARY,7,False,4,-32.204407,-44.196396
MOTOR VEHICLE THEFT,18,False,1,-15.192168,-69.88712
CRIMINAL DAMAGE,18,False,2,-8.068384,-39.98294
ASSAULT,3,False,2,6.158124,19.364204
DECEPTIVE PRACTICE,10,False,0,47.24387,-15.4429455
BATTERY,7,False,1,-61.22718,6.1859484
CRIMINAL DAMAGE,21,False,6,11.390425,-37.725376
THEFT,21,False,3,13.574256,-3.3607948
THEFT,14,True,1,-36.364044,62.50432
OTHER OFFENSE,16,False,1,-54.658264,-27.08049
ROBBERY,4,True,4,5.826874,44.756866
BATTERY,17,False,5,-19.92332,-37.026146
THEFT,16,False,1,-37.83754,-20.409857
CRIMINAL DAMAGE,6,False,6,24.34435,-45.347733
THEFT,22,True,4,-36.412357,56.55688
ASSAULT,10,True,0,8.235682,49.533882
MOTOR VEHICLE THEFT,5,False,2,-19.143673,-56.602276
THEFT,15,False,6,56.083336,23.151232
BATTERY,15,True,2,-48.489464,29.949003
THEFT,19,False,2,-23.910091,-19.786367
THEFT,17,True,3,14.802298,77.45133
DECEPTIVE PRACTICE,5,False,3,69.69851,-6.5560465
DECEPTIVE PRACTICE,13,False,2,-10.279192,-63.34973
CRIMINAL DAMAGE,22,True,0,13.456358,52.544933
BATTERY,17,False,0,-14.3615,3.9999022
THEFT,19,False,1,-39.56104,-22.318817
SEX OFFENSE,15,False,0,54.737206,33.16285
CRIMINAL DAMAGE,7,False,1,36.827545,16.69715
MOTOR VEHICLE THEFT,1,True,1,-26.620878,65.42965
BATTERY,16,False,5,-42.243797,-52.33929
BATTERY,13,False,3,37.394417,-39.65809
BATTERY,9,False,2,-19.902006,-61.61132
CRIMINAL DAMAGE,20,True,0,13.048305,53.23579
THEFT,10,False,5,-36.326202,-22.087563
THEFT,19,False,2,-31.376429,-15.79988
CRIMINAL DAMAGE,6,False,0,64.87266,13.02758
THEFT,19,False,2,-18.275795,-19.925358
THEFT,23,True,5,-29.995464,55.39405
BATTERY,18,False,3,-16.934298,-0.734641
THEFT,14,False,4,63.860596,19.516151
THEFT,15,True,0,15.472276,67.22985
BATTERY,15,False,2,-21.063713,-69.39165
CRIMINAL SEXUAL ASSAULT,20,True,2,-14.046029,72.36033
MOTOR VEHICLE THEFT,19,True,2,-26.92274,48.87104
THEFT,13,False,3,20.084408,-5.804361
BATTERY,16,False,0,46.654526,-21.56614
NARCOTICS,19,True,1,20.114138,29.236423
THEFT,0,False,3,15.7310295,-8.494797
THEFT,10,False,4,-4.739883,-15.312708
BURGLARY,3,False,4,5.1946645,-33.5089
BATTERY,7,True,2,-28.676542,71.22286
ROBBERY,0,False,0,52.171913,34.38621
BATTERY,19,False,5,-40.245598,10.492793
NARCOTICS,19,False,6,56.1616,23.050413
CRIMINAL TRESPASS,1,True,4,25.731071,38.319733
BURGLARY,18,False,0,50.735332,-17.556087
THEFT,2,False,0,30.346975,-11.393509
BURGLARY,10,False,1,-19.320333,-60.636425
THEFT,17,True,6,11.245238,73.74327
THEFT,23,True,6,4.3987517,72.22853
BATTERY,12,False,2,-21.904589,-68.130875
THEFT,19,True,6,10.574145,67.425095
BATTERY,2,False,1,-55.44708,1.1829364
THEFT,8,False,1,-17.010246,-25.054647
CONCEALED CARRY LICENSE VIOLATION,15,False,3,71.820564,-3.8359854
CRIMINAL DAMAGE,3,False,6,27.995872,-39.761242
DECEPTIVE PRACTICE,17,False,4,10.32875,-51.700382
BATTERY,18,True,3,-0.9060096,29.219524
THEFT,12,False,1,41.08745,29.201416
MOTOR VEHICLE THEFT,22,True,1,-19.491661,65.1285
BURGLARY,7,False,6,22.74832,-30.092928
OTHER OFFENSE,11,False,4,14.791349,-22.365337
THEFT,18,False,4,29.571762,-0.070943564
OTHER OFFENSE,12,False,2,-26.475178,-19.420454
DECEPTIVE PRACTICE,22,False,0,52.39208,-26.838247
THEFT,13,False,0,26.71313,-1.5490885
OTHER OFFENSE,20,True,6,-16.32244,37.310776
BATTERY,9,False,0,50.49588,-24.705112
CRIMINAL DAMAGE,4,False,1,-45.54567,4.494061
BATTERY,3,True,2,-28.753958,69.21684
OTHER OFFENSE,11,False,6,9.686402,-13.457888
OTHER OFFENSE,18,False,1,-38.864994,0.12097741
CRIMINAL DAMAGE,1,False,0,17.157906,8.634703
CRIMINAL DAMAGE,16,True,4,-35.709766,29.718073
ASSAULT,8,False,3,60.47397,8.874457
NARCOTICS,16,False,2,39.711864,20.210945
THEFT,21,False,4,61.586205,19.303795
BATTERY,11,False,4,13.848869,-53.785427
BURGLARY,16,True,2,-22.51853,71.41498
INTERFERENCE WITH PUBLIC OFFICER,15,False,4,40.893692,16.811193
BURGLARY,3,False,0,46.25329,-28.68102
THEFT,14,False,2,-39.981113,-0.83809733
BATTERY,10,False,6,-21.175842,12.552366
BATTERY,2,False,0,39.190273,-23.493904
MOTOR VEHICLE THEFT,10,True,5,-25.712002,63.576134
BURGLARY,16,False,0,50.554123,-17.508863
CRIMINAL DAMAGE,8,True,2,-30.925545,67.99473
DECEPTIVE PRACTICE,12,False,4,8.488263,-30.19977
MOTOR VEHICLE THEFT,15,True,4,-0.5840108,65.38238
NARCOTICS,20,True,1,20.155825,29.226034
THEFT,16,True,6,10.103235,67.56734
THEFT,21,False,6,7.830347,-5.2547145
THEFT,18,False,3,70.21765,-5.2579317
WEAPONS VIOLATION,4,True,1,31.07196,35.557957
BATTERY,14,False,0,46.42656,-21.700554
DECEPTIVE PRACTICE,16,False,1,-37.16353,-47.126537
CRIMINAL DAMAGE,6,False,4,9.425751,-52.96744
THEFT,12,True,6,3.715428,71.672874
CRIMINAL DAMAGE,18,False,2,-12.977893,-37.2142
WEAPONS VIOLATION,21,True,2,32.965946,34.18502
BATTERY,17,False,6,44.82304,-47.733887
OTHER OFFENSE,17,False,4,-39.758896,-26.809687
BATTERY,13,False,2,34.603092,15.235926
CRIMINAL DAMAGE,14,False,4,48.09417,-16.42463
NARCOTICS,22,False,6,54.47666,13.058727
CRIMINAL SEXUAL ASSAULT,21,False,6,18.269539,-63.0631
BATTERY,23,False,1,-63.738857,2.770623
THEFT,22,False,6,26.327477,-15.137217
BATTERY,16,True,0,8.97476,50.699
CRIMINAL DAMAGE,17,False,6,32.837917,-56.875156
THEFT,17,True,2,-41.307465,63.81993
THEFT,20,True,3,11.14626,79.38745
CRIMINAL DAMAGE,23,True,3,9.629285,58.72074
THEFT,18,True,2,-39.42493,65.186584
NARCOTICS,19,True,2,24.721899,31.587717
CRIMINAL DAMAGE,21,True,0,8.680657,53.455116
MOTOR VEHICLE THEFT,12,True,5,-24.686329,64.11841
CRIMINAL DAMAGE,2,False,4,-15.202001,-51.76246
WEAPONS VIOLATION,0,False,2,-19.770355,-49.76092
BATTERY,16,False,3,-15.405843,12.922857
BATTERY,9,True,4,-12.187796,52.76638
MOTOR VEHICLE THEFT,16,False,1,-45.947216,-41.760513
DECEPTIVE PRACTICE,12,False,2,-13.034114,-60.20261
CRIMINAL DAMAGE,20,False,0,50.790863,-16.968084
CRIMINAL DAMAGE,4,True,3,-1.1798394,51.35087
MOTOR VEHICLE THEFT,2,True,6,-0.9863782,53.81209
ASSAULT,8,True,6,1.6855195,55.21145
BURGLARY,21,False,3,31.057178,-24.432297
BATTERY,23,True,5,-36.64231,25.780039
THEFT,12,False,2,-25.298769,-21.56521
THEFT,19,True,6,11.681066,73.686905
BATTERY,1,False,5,-55.73633,-0.7163873
CRIMINAL DAMAGE,0,False,6,27.55055,-38.881523
BATTERY,3,False,5,-45.740364,7.460531
CRIMINAL DAMAGE,1,False,6,23.664331,-43.045013
STALKING,23,False,2,-36.6972,5.689542
THEFT,2,False,6,10.857853,-10.630805
SEX OFFENSE,2,False,1,-64.63884,-4.6855054
CRIMINAL DAMAGE,4,False,1,-16.2964,-44.34215
BATTERY,12,False,6,33.112137,-44.576237
THEFT,11,False,4,32.80405,-3.6968713
OTHER OFFENSE,11,True,6,-20.710611,35.403416
CRIMINAL DAMAGE,1,False,3,40.580185,-38.702053
BURGLARY,21,False,0,28.852188,-51.759716
BATTERY,20,False,1,-58.97873,-0.14914125
CRIMINAL DAMAGE,14,False,4,-38.254303,-47.026443
BATTERY,22,False,5,-40.885044,10.023516
BATTERY,0,False,2,42.8773,13.24194
THEFT,17,False,3,21.535536,-9.314988
NARCOTICS,18,False,1,38.62588,17.14525
THEFT,12,False,5,-38.36639,-24.48901
ASSAULT,1,False,6,31.633554,-27.77001
BATTERY,10,True,6,-8.672959,55.231216
CRIMINAL DAMAGE,10,False,6,27.03356,-48.10925
OTHER OFFENSE,23,False,1,-55.3888,-26.76007
THEFT,6,False,4,34.995605,-5.8366137
BATTERY,15,False,1,-56.02654,-34.297348
NARCOTICS,14,False,6,56.390774,15.111864
BATTERY,20,False,6,34.090424,-47.819637
THEFT,17,True,4,10.754158,70.08631
CRIMINAL DAMAGE,22,False,6,32.84921,-56.79683
THEFT,0,False,2,-26.855303,-24.928688
BATTERY,19,False,6,-17.98484,12.595607
THEFT,1,True,2,-36.935898,35.38179
BATTERY,17,True,3,5.4398036,58.096943
PROSTITUTION,7,True,6,26.472303,40.765392
THEFT,16,False,5,-41.07816,-25.844131
CRIMINAL SEXUAL ASSAULT,1,False,2,-59.59346,6.610291
THEFT,0,True,2,-32.473656,52.963207
DECEPTIVE PRACTICE,14,False,3,38.335735,-31.538912
NARCOTICS,21,True,1,20.89535,29.910896
BATTERY,18,False,3,1.3893255,13.509033
ASSAULT,7,False,6,48.53426,-41.138363
MOTOR VEHICLE THEFT,3,False,2,-19.88756,-57.382668
CRIMINAL DAMAGE,22,False,2,-13.085451,-64.60216
THEFT,8,False,1,-53.69092,-27.802486
OTHER OFFENSE,20,False,1,-38.704597,-19.921238
SEX OFFENSE,22,True,1,-15.775016,71.29268
WEAPONS VIOLATION,3,False,4,50.66509,35.17326
BATTERY,13,False,3,1.089412,12.844405
MOTOR VEHICLE THEFT,5,False,6,28.940142,-42.579826
BATTERY,17,False,3,-15.5313015,2.4891646
THEFT,17,False,5,-40.48847,-22.32276
BURGLARY,23,True,0,11.170263,48.486897
NARCOTICS,15,False,2,41.8054,21.960085
MOTOR VEHICLE THEFT,14,False,2,-16.845495,-71.26306
MOTOR VEHICLE THEFT,17,False,2,-10.94883,-68.20077
THEFT,23,False,5,-40.18001,-19.968111
ASSAULT,19,True,1,-22.50402,58.734917
BURGLARY,4,False,3,41.683926,-33.276165
ASSAULT,12,False,1,-61.398285,2.203209
BATTERY,0,False,2,-61.36505,7.176937
THEFT,4,False,1,-53.2163,-28.035143
BURGLARY,8,False,4,27.709778,-45.472168
ASSAULT,18,False,4,29.29838,-54.901226
BATTERY,4,True,1,-28.801523,65.36903
CRIMINAL TRESPASS,12,True,6,5.3621507,61.31138
MOTOR VEHICLE THEFT,17,True,5,-20.286379,65.14484
DECEPTIVE PRACTICE,12,True,4,23.28195,44.800926
BATTERY,9,False,4,45.603508,-22.221909
CRIMINAL TRESPASS,22,False,0,60.15564,16.365656
BATTERY,0,False,2,-46.06565,6.102369
ARSON,13,False,6,21.256721,-32.36248
OTHER OFFENSE,14,False,2,44.416824,20.411634
NARCOTICS,1,False,3,56.980667,19.21432
ASSAULT,10,False,1,-56.81922,-33.310024
OTHER OFFENSE,21,False,0,20.189938,-17.557579
CRIMINAL DAMAGE,1,False,1,-46.85483,6.268355
OFFENSE INVOLVING CHILDREN,0,True,1,-26.275133,67.49242
BURGLARY,14,False,0,48.858738,-20.25245
BATTERY,22,False,0,11.520448,9.302655
INTERFERENCE WITH PUBLIC OFFICER,19,False,3,59.854153,23.368704
DECEPTIVE PRACTICE,0,True,6,-2.7552056,51.79519
BATTERY,7,False,4,45.711853,-26.743681
THEFT,7,False,2,-27.551924,-14.258119
ASSAULT,7,True,4,-23.428585,49.28097
THEFT,14,False,4,64.63772,29.107397
BURGLARY,7,False,4,24.287014,-44.47174
SEX OFFENSE,19,False,6,21.45224,-61.84327
BURGLARY,18,False,0,8.532895,-35.610695
THEFT,12,True,5,-36.832333,59.817726
MOTOR VEHICLE THEFT,22,False,5,-45.722557,-43.465816
THEFT,21,False,2,-17.313118,-20.035942
OTHER OFFENSE,1,False,3,17.904594,-8.04021
THEFT,11,False,1,-29.156445,-21.579327
BATTERY,22,False,6,30.12638,-55.806576
BATTERY,10,False,1,8.438832,18.472178
THEFT,17,False,3,63.93466,23.513325
ASSAULT,12,True,6,-17.120071,29.715
MOTOR VEHICLE THEFT,23,True,4,2.6526794,60.825066
THEFT,0,False,6,13.838118,-23.286848
THEFT,1,False,5,-34.46925,-24.143116
MOTOR VEHICLE THEFT,17,False,1,-16.793428,-71.32379
BATTERY,1,False,1,-61.812733,7.2882776
CRIMINAL DAMAGE,3,False,0,-12.410109,7.9519424
CRIMINAL DAMAGE,15,False,2,-12.873156,-61.284534
CRIMINAL DAMAGE,19,False,5,-18.704031,-33.92185
MOTOR VEHICLE THEFT,11,True,4,-2.5542266,65.02831
OTHER OFFENSE,0,False,6,4.9950256,-31.983606
MOTOR VEHICLE THEFT,0,False,5,-33.462654,-50.97318
ROBBERY,20,True,0,23.14472,47.683273
NARCOTICS,16,False,6,55.268562,22.368212
NARCOTICS,16,False,3,59.986145,24.88665
BURGLARY,21,False,4,13.494448,-52.659405
OTHER OFFENSE,0,False,0,38.59805,-9.673797
DECEPTIVE PRACTICE,10,False,6,23.86506,-46.1488
ASSAULT,12,True,1,-23.974842,68.94997
THEFT,11,True,1,-35.159866,32.794685
BATTERY,1,False,2,-60.744877,7.6568694
BATTERY,10,True,1,5.347232,30.452576
BATTERY,11,True,2,6.965711,28.232576
DECEPTIVE PRACTICE,13,False,3,28.422277,-20.197676
ASSAULT,15,True,2,22.447832,33.850597
OTHER OFFENSE,16,True,1,23.738348,28.079098
BURGLARY,8,True,2,-28.109663,65.14871
BATTERY,7,True,0,-16.603756,28.091244
DECEPTIVE PRACTICE,11,True,4,-23.792347,77.11126
BATTERY,1,False,6,-20.086967,8.9994955
BATTERY,0,False,3,-16.468634,7.6738977
CRIMINAL DAMAGE,1,False,2,-16.506443,-54.01403
MOTOR VEHICLE THEFT,18,False,2,-14.01627,-71.41891
OTHER OFFENSE,20,False,4,-5.483066,1.868139
BURGLARY,7,False,0,46.758095,-28.099625
OFFENSE INVOLVING CHILDREN,0,False,2,-23.266035,-55.943512
THEFT,2,False,2,-14.088963,-20.676754
MOTOR VEHICLE THEFT,12,False,6,25.250696,-56.178074
THEFT,11,False,5,-44.291748,-24.306076
THEFT,19,False,6,-6.2742286,-2.3355513
BATTERY,15,False,5,-20.152527,-37.981426
DECEPTIVE PRACTICE,9,False,0,47.00251,-15.210113
THEFT,15,False,6,8.334297,-14.555617
THEFT,15,False,1,-30.383413,-17.387777
ASSAULT,12,False,4,55.886898,11.29448
MOTOR VEHICLE THEFT,19,False,4,7.5915647,-35.07949
CRIMINAL DAMAGE,11,True,6,-9.138365,51.28069
BATTERY,19,True,4,-18.349073,61.431103
BATTERY,8,False,2,-48.40001,12.728448
CRIMINAL TRESPASS,14,True,1,-45.9668,39.157913
BATTERY,12,False,4,15.069452,-51.015335
ASSAULT,16,False,3,70.95196,-7.600304
MOTOR VEHICLE THEFT,14,True,4,2.2397032,57.306076
MOTOR VEHICLE THEFT,0,True,4,-5.0077944,72.57645
THEFT,9,True,3,12.562829,77.770615
CRIMINAL DAMAGE,21,False,6,36.72035,-54.921917
MOTOR VEHICLE THEFT,23,False,1,-34.38032,-57.30032
CRIMINAL DAMAGE,3,False,0,44.350666,-27.380997
ASSAULT,9,False,6,26.71464,-30.224405
THEFT,0,False,0,38.490646,-9.568838
MOTOR VEHICLE THEFT,10,True,3,0.25529012,46.798607
BURGLARY,17,True,0,4.3738904,57.9588
MOTOR VEHICLE THEFT,7,False,2,-9.210886,-36.203934
BATTERY,22,True,6,2.510469,59.503304
BATTERY,18,False,6,-20.822296,3.160106
BATTERY,6,False,1,-58.46356,-6.3839264
BATTERY,18,False,1,-63.741272,1.3720912
MOTOR VEHICLE THEFT,12,False,5,-35.79357,-54.911457
DECEPTIVE PRACTICE,13,False,0,51.127083,-14.346742
BURGLARY,18,True,2,22.783493,32.52182
ASSAULT,14,False,5,-20.487951,-36.409534
OTHER OFFENSE,21,False,0,27.047441,-15.908144
CRIMINAL TRESPASS,15,True,1,-41.983162,52.562992
MOTOR VEHICLE THEFT,0,False,2,-19.655361,-57.450542
ASSAULT,17,False,5,-42.222904,-54.13151
OTHER OFFENSE,11,False,1,-29.063854,-20.832767
CRIMINAL DAMAGE,22,True,2,-49.63828,28.643503
BATTERY,15,True,5,20.93468,35.097874
SEX OFFENSE,18,False,6,21.522142,-59.437542
CRIMINAL TRESPASS,14,False,4,-7.4897184,-60.886208
DECEPTIVE PRACTICE,12,False,1,-39.597675,-40.547153
CRIMINAL DAMAGE,16,False,4,-37.931793,-47.53064
ASSAULT,21,False,1,-57.884537,-30.539934
ASSAULT,9,True,1,-33.91666,26.977953
OFFENSE INVOLVING CHILDREN,11,True,5,-41.41999,30.96738
OTHER OFFENSE,9,False,1,-28.981363,-17.251785
BATTERY,20,True,1,-45.835194,38.402424
BURGLARY,11,True,6,4.561919,55.62487
THEFT,12,False,5,44.298935,24.29867
ASSAULT,23,False,4,8.963974,19.489763
CRIMINAL DAMAGE,12,True,4,-23.704893,76.05091
CRIMINAL DAMAGE,1,False,1,-61.355312,8.695546
THEFT,18,True,4,15.649897,71.4712
HOMICIDE,0,True,0,6.943371,44.579414
THEFT,16,False,0,12.467875,-5.481739
THEFT,18,False,4,36.035034,-0.53296494
MOTOR VEHICLE THEFT,7,False,2,-17.047459,-58.522163
CRIMINAL DAMAGE,12,True,1,-37.456516,28.584946
CRIMINAL DAMAGE,5,False,1,-14.82037,-56.442738
BATTERY,17,False,2,-20.136065,-68.23854
CRIMINAL DAMAGE,23,False,4,23.958342,-49.428722
DECEPTIVE PRACTICE,14,False,1,-39.264286,-40.809
CRIMINAL DAMAGE,10,False,6,25.004972,-22.475363
BATTERY,19,False,1,-59.03248,2.7465284
BATTERY,20,True,3,-9.284736,28.129354
CRIMINAL DAMAGE,5,False,1,-54.72921,0.8227876
BURGLARY,9,False,4,28.056383,-45.520493
THEFT,21,False,4,6.808606,-5.253806
WEAPONS VIOLATION,13,False,2,45.866848,33.44083
THEFT,8,False,0,33.3917,-10.226015
CRIMINAL DAMAGE,10,False,6,21.511793,-27.287157
ASSAULT,10,False,6,43.04586,-39.202076
DECEPTIVE PRACTICE,13,False,0,18.075806,8.731315
DECEPTIVE PRACTICE,16,False,4,11.637386,-50.370926
CRIMINAL DAMAGE,10,False,2,-8.644575,-57.774162
BURGLARY,19,False,2,-7.7644515,-43.007107
MOTOR VEHICLE THEFT,2,False,4,-7.8709455,-55.34736
THEFT,12,False,3,19.40743,-5.6716924
THEFT,15,False,1,-52.19872,-25.302689
BATTERY,21,True,5,6.716353,31.006283
ASSAULT,0,False,5,-25.053915,-40.359993
ROBBERY,1,False,2,-22.615978,-56.32137
NARCOTICS,22,False,1,38.67334,16.690016
THEFT,23,False,3,22.284988,-8.621485
THEFT,16,False,0,3.465748,-27.394491
THEFT,9,False,4,14.667935,-22.529766
THEFT,11,False,3,16.48747,-3.6419566
THEFT,3,True,2,-34.02696,52.885612
DECEPTIVE PRACTICE,13,False,3,38.356644,-43.272537
BATTERY,17,False,2,8.107412,19.830395
BATTERY,20,False,1,-64.205734,3.1390276
MOTOR VEHICLE THEFT,1,True,2,-27.776762,71.991776
BATTERY,12,False,0,-14.769974,7.729006
ROBBERY,21,False,1,-54.577526,-36.939415
BURGLARY,12,True,0,12.367363,52.163853
THEFT,20,True,2,-40.063736,65.094986
ASSAULT,10,True,1,-24.347078,69.31956
ASSAULT,20,False,6,31.234974,-50.307686
CRIMINAL DAMAGE,10,False,5,-36.350307,-46.701862
DECEPTIVE PRACTICE,17,False,4,-7.6174755,-61.545048
OTHER OFFENSE,23,True,6,8.622,73.3701
THEFT,15,False,2,-15.338566,-20.350306
ASSAULT,20,False,0,53.67495,-22.564863
THEFT,19,False,1,-16.2545,-16.88565
THEFT,21,False,0,33.12224,-0.033846475
PUBLIC PEACE VIOLATION,12,True,2,25.457485,31.126427
THEFT,14,True,4,8.593133,74.64772
THEFT,11,False,0,32.23092,-10.1059675
CRIMINAL DAMAGE,17,False,4,50.120266,-19.001417
CRIMINAL DAMAGE,19,False,1,-41.840614,-42.21602
BATTERY,4,True,6,-18.71673,30.456884
KIDNAPPING,17,False,2,-50.785236,13.021391
MOTOR VEHICLE THEFT,8,False,4,24.518341,-55.84458
BATTERY,15,False,6,35.59795,-49.037075
ASSAULT,0,False,2,-48.767117,9.614153
ASSAULT,15,True,2,-23.435396,70.763596
THEFT,6,False,2,-26.642536,-21.278261
BATTERY,21,False,1,-43.188522,-48.06129
ASSAULT,10,False,6,25.874971,-29.304424
ASSAULT,12,False,3,-2.45452,18.233973
CRIMINAL DAMAGE,0,True,6,-11.376325,50.62933
THEFT,13,True,6,28.776741,40.647984
THEFT,10,False,5,-43.71696,-22.443743
DECEPTIVE PRACTICE,9,False,5,-37.85778,-41.25876
ASSAULT,23,True,6,-0.16856247,27.21655
MOTOR VEHICLE THEFT,22,True,4,-0.84869826,60.298122
CRIMINAL DAMAGE,23,True,3,7.3577538,62.719013
MOTOR VEHICLE THEFT,17,True,0,12.303202,53.803802
BATTERY,14,False,1,-18.420168,-39.55357
DECEPTIVE PRACTICE,0,False,4,44.57364,-29.883554
DECEPTIVE PRACTICE,14,False,2,-6.5466266,-58.85393
THEFT,15,False,6,16.48126,-17.494123
BATTERY,18,True,1,-21.725695,62.9027
CRIMINAL TRESPASS,14,False,2,39.77099,24.381765
THEFT,18,False,4,-18.206942,-27.72624
THEFT,13,True,4,-39.39279,66.321785
CRIMINAL DAMAGE,17,False,2,-7.3359356,-41.025703
OTHER OFFENSE,16,False,2,-17.66646,-27.36158
BATTERY,21,False,1,-41.56327,11.105849
CRIMINAL DAMAGE,0,False,4,27.488264,-40.405933
CRIMINAL DAMAGE,10,False,6,-14.04232,-1.7874455
THEFT,15,False,0,29.687656,-0.92282915
BATTERY,14,False,2,-19.482277,-65.01218
MOTOR VEHICLE THEFT,20,False,4,-13.66017,-71.44817
BATTERY,21,False,2,-45.898655,13.488156
CRIMINAL DAMAGE,1,False,5,-30.08062,-45.59221
ASSAULT,17,False,2,-47.025757,13.622322
SEX OFFENSE,15,False,4,51.45506,30.180525
MOTOR VEHICLE THEFT,6,False,2,-20.720358,-56.25911
NARCOTICS,11,False,6,57.35658,21.24535
CRIMINAL DAMAGE,21,False,6,26.649427,-55.01132
CRIMINAL DAMAGE,8,False,6,10.806175,-32.59155
DECEPTIVE PRACTICE,0,False,0,44.87701,-14.003729
INTERFERENCE WITH PUBLIC OFFICER,12,True,0,24.254164,45.674362
BATTERY,19,True,4,-30.172855,25.91638
ROBBERY,8,False,2,-24.391582,-57.79454
OTHER OFFENSE,18,False,4,-15.054921,-17.779081
ASSAULT,7,False,0,44.176125,-25.337378
NARCOTICS,6,False,6,59.060684,19.146204
OTHER OFFENSE,11,False,0,-1.9968923,1.196328
SEX OFFENSE,0,False,5,-29.140238,-55.727848
THEFT,0,False,5,-34.481197,-24.15247
DECEPTIVE PRACTICE,23,False,2,-6.5067005,-41.39499
BATTERY,11,False,5,-44.847927,-51.377285
BATTERY,14,True,4,-23.093237,73.527084
THEFT,18,True,0,15.802737,69.42277
THEFT,6,False,4,-5.056452,-16.172064
CRIMINAL DAMAGE,2,False,2,-9.84793,-33.6506
OTHER OFFENSE,11,False,3,15.892133,-6.32604
THEFT,13,False,0,64.98122,17.854422
CRIMINAL DAMAGE,3,False,5,-33.712296,-43.211983
MOTOR VEHICLE THEFT,18,False,3,40.678856,-42.745758
BURGLARY,1,False,6,44.026657,-33.73313
ASSAULT,19,True,4,0.5979888,59.45935
BATTERY,19,True,3,6.3151927,57.609943
THEFT,20,False,6,5.719952,-13.535133
BATTERY,11,False,6,35.606182,-45.092754
THEFT,20,False,0,35.375114,-0.12832995
ASSAULT,1,False,2,-23.337221,-65.408844
ASSAULT,15,True,2,-25.753773,49.846447
OTHER OFFENSE,18,False,6,7.704814,-6.8586335
BURGLARY,14,False,2,-10.994152,-42.27524
THEFT,11,False,0,19.761202,10.28332
MOTOR VEHICLE THEFT,23,True,6,2.9887617,60.658863
MOTOR VEHICLE THEFT,0,True,2,-31.113163,71.50994
THEFT,8,False,6,23.575758,-13.0747175
CRIMINAL DAMAGE,18,False,4,40.51196,17.874863
THEFT,14,True,4,-32.45755,50.327065
ASSAULT,17,True,2,6.9204917,30.129547
BATTERY,8,False,3,-4.047883,17.296604
CRIMINAL DAMAGE,11,False,2,-43.106647,-2.269226
THEFT,13,False,6,17.830055,-20.63451
CRIMINAL DAMAGE,7,True,1,-30.395737,66.98469
THEFT,23,True,5,-37.94507,57.608196
BURGLARY,18,False,6,36.890297,-54.637493
NARCOTICS,13,False,6,57.716827,25.112854
CRIMINAL DAMAGE,10,False,6,25.29868,-46.041725
BURGLARY,8,False,2,-10.312968,-34.584473
THEFT,0,False,0,37.229668,-5.8832326
THEFT,13,False,4,7.993455,-12.934277
MOTOR VEHICLE THEFT,1,False,5,-33.934643,-45.638775
CRIMINAL DAMAGE,11,False,0,41.487038,-18.585836
BATTERY,14,True,5,-18.08356,60.81106
BATTERY,6,True,6,-19.445446,28.79037
BATTERY,0,False,5,-54.92694,2.9948006
ROBBERY,16,False,4,55.536747,-32.30439
ROBBERY,2,True,3,1.3302227,44.97919
CRIMINAL DAMAGE,13,True,3,6.614775,54.840885
THEFT,14,False,4,-6.2629786,-13.869966
THEFT,22,False,0,29.52317,0.5443816
THEFT,16,False,6,16.911333,-21.421606
BATTERY,15,False,0,-15.197525,11.891681
THEFT,18,False,0,4.0064597,-26.22627
BATTERY,11,False,3,43.73667,-45.307133
THEFT,13,False,5,-43.512165,-22.272652
CRIMINAL DAMAGE,7,True,1,-27.414448,63.623245
CRIMINAL DAMAGE,22,False,5,-43.220554,-44.58895
THEFT,2,True,4,19.33215,71.85328
MOTOR VEHICLE THEFT,0,False,2,-21.153187,-57.344204
CRIMINAL DAMAGE,15,False,6,35.56526,-36.229992
BATTERY,18,False,1,-63.80353,1.1232026
BATTERY,12,True,4,-5.167787,74.76016
NARCOTICS,12,False,6,53.989986,13.135317
OFFENSE INVOLVING CHILDREN,0,False,3,31.661772,-29.613983
INTERFERENCE WITH PUBLIC OFFICER,22,False,2,42.607677,16.959929
MOTOR VEHICLE THEFT,22,False,0,55.087357,-24.538101
THEFT,11,False,5,-36.571922,-21.405825
THEFT,13,False,1,-56.282265,-9.232771
DECEPTIVE PRACTICE,16,False,5,-39.515583,-44.101994
BURGLARY,1,True,0,0.9813977,52.38632
CRIMINAL TRESPASS,23,False,4,41.00947,16.506458
ASSAULT,21,True,0,16.38946,15.563154
CRIMINAL DAMAGE,18,False,4,27.502186,-51.06691
THEFT,17,False,4,6.8370805,-8.3146105
BATTERY,18,False,2,-46.426613,14.396777
KIDNAPPING,9,True,0,7.022451,44.965397
ASSAULT,15,False,3,-17.130335,-1.6249965
CRIMINAL DAMAGE,17,True,4,-4.2270317,77.62386
CRIMINAL DAMAGE,18,False,2,-12.375191,-72.251045
OTHER OFFENSE,16,False,2,46.72216,20.665737
BATTERY,15,True,3,6.196756,58.779327
CRIMINAL DAMAGE,5,False,3,41.480583,-32.61732
ASSAULT,23,False,6,-18.634054,12.678149
ASSAULT,22,True,2,7.5717263,28.032743
BURGLARY,15,False,2,-10.603237,-40.392033
BATTERY,0,False,1,-27.350042,-48.858795
MOTOR VEHICLE THEFT,14,True,6,-1.3664117,58.820007
MOTOR VEHICLE THEFT,16,True,2,-21.100601,72.93097
THEFT,19,False,4,4.2237296,-24.747473
THEFT,22,True,6,4.4481645,71.96369
BATTERY,7,False,0,46.933426,-25.414062
BATTERY,11,False,3,-20.333344,13.090945
BATTERY,19,True,6,1.4516492,59.375248
OTHER OFFENSE,10,False,2,-40.275406,-0.88223565
CRIMINAL DAMAGE,22,True,1,-17.718393,67.330795
CONCEALED CARRY LICENSE VIOLATION,16,True,3,70.500786,-3.3517394
THEFT,8,False,4,16.367798,-15.98647
ASSAULT,15,False,0,41.920876,-20.366198
PUBLIC PEACE VIOLATION,2,False,4,-4.9575005,-16.948606
BATTERY,0,False,0,-13.754382,7.4266706
BURGLARY,23,False,2,-14.9802,-65.54178
ASSAULT,17,False,5,-18.770546,-36.194393
BATTERY,21,False,2,34.043438,18.735126
THEFT,13,False,3,21.035633,-10.253625
CRIMINAL DAMAGE,7,True,2,-25.644178,72.80404
BATTERY,11,True,2,-23.313211,64.86657
CRIMINAL DAMAGE,0,True,2,-46.357666,34.044827
CRIMINAL TRESPASS,12,False,4,61.41598,15.6691475
BURGLARY,8,False,2,-8.653674,-57.523193
THEFT,11,True,1,-37.0091,60.253067
OFFENSE INVOLVING CHILDREN,12,False,5,-62.76283,-3.2252948
THEFT,6,False,0,30.640453,-9.847696
NARCOTICS,15,False,1,39.11109,23.261831
ASSAULT,12,False,0,-13.480068,9.654961
NARCOTICS,13,False,3,60.586475,24.527548
ASSAULT,20,False,6,21.021635,-33.570187
OTHER OFFENSE,1,False,4,-14.338265,-28.019161
CRIMINAL DAMAGE,8,False,4,-42.070595,4.8650017
THEFT,13,False,1,44.256153,24.133265
NARCOTICS,16,False,1,41.463562,23.313177
THEFT,13,False,1,-38.36871,-24.435255
MOTOR VEHICLE THEFT,4,False,3,46.2959,-37.352318
ROBBERY,10,False,1,-27.427622,-59.337048
CRIMINAL DAMAGE,4,True,2,-30.713816,68.625145
BATTERY,3,True,1,-25.453613,55.978035
THEFT,0,True,4,18.539238,65.53911
THEFT,19,True,1,-40.149418,60.278435
THEFT,14,True,1,-42.76119,53.66551
CRIMINAL TRESPASS,21,True,4,8.480518,53.409584
THEFT,17,True,0,15.787926,73.576775
ASSAULT,18,True,6,3.9496312,58.22752
BURGLARY,3,True,5,-26.789602,61.54572
DECEPTIVE PRACTICE,15,False,6,25.748917,-49.222515
CRIMINAL DAMAGE,17,True,1,-17.256704,65.76405
OTHER OFFENSE,16,True,1,-42.370396,53.220245
CRIMINAL TRESPASS,21,False,0,66.039314,15.916682
OTHER OFFENSE,21,False,3,71.71601,-3.9847207
BATTERY,17,False,0,35.39502,-37.709526
CRIMINAL DAMAGE,1,False,0,42.377636,-31.988585
OTHER OFFENSE,15,False,4,-5.8428364,-2.658916
NARCOTICS,7,False,6,56.37286,21.421505
WEAPONS VIOLATION,20,True,6,33.652805,38.492874
THEFT,15,True,3,13.27963,75.832886
THEFT,14,False,4,6.1510077,-27.96041
THEFT,12,False,2,-15.731092,-21.379744
NARCOTICS,18,False,1,41.40955,23.94334
BATTERY,8,False,6,32.084564,-44.185745
OTHER OFFENSE,13,False,4,31.969997,-3.1735299
CRIMINAL DAMAGE,13,False,2,-14.300459,-62.056675
BATTERY,3,True,1,19.60072,35.386536
CRIMINAL TRESPASS,18,False,4,64.28095,15.230133
ASSAULT,1,False,3,42.434322,-33.990578
MOTOR VEHICLE THEFT,21,False,0,41.688923,-49.74048
THEFT,15,True,3,10.494892,76.71481
BATTERY,6,False,1,-52.225967,3.1120384
THEFT,20,False,4,4.6039615,-27.424011
NARCOTICS,3,True,4,19.940979,40.147278
THEFT,12,False,3,20.63961,-14.221934
NARCOTICS,0,False,2,37.568035,23.696165
THEFT,23,True,2,-39.683434,64.685616
THEFT,9,False,1,38.857304,22.643406
OTHER OFFENSE,20,False,3,21.12874,-15.816198
THEFT,8,True,5,-35.18144,59.32283
BURGLARY,12,False,2,-16.07445,-39.794495
WEAPONS VIOLATION,19,True,6,33.722225,38.449844
THEFT,8,False,3,16.03884,-6.052327
BATTERY,3,False,2,-23.301823,-65.74759
PUBLIC PEACE VIOLATION,8,True,6,27.926397,40.5503
MOTOR VEHICLE THEFT,16,True,1,-20.54703,71.7982
CRIMINAL DAMAGE,8,False,4,24.728254,-45.73248
BATTERY,0,True,0,20.65869,44.455482
MOTOR VEHICLE THEFT,18,False,1,-35.582104,-55.522846
DECEPTIVE PRACTICE,20,False,3,61.274624,24.311907
BATTERY,20,True,1,-46.019424,38.528618
OTHER OFFENSE,17,True,0,14.477391,71.21347
HOMICIDE,16,True,6,-4.7662587,60.433235
BATTERY,17,True,1,7.0128913,30.277815
CRIMINAL TRESPASS,16,False,3,-5.676871,5.160259
OTHER OFFENSE,18,False,1,-49.699875,-7.721615
THEFT,20,False,5,-40.306076,-20.823997
SEX OFFENSE,19,True,0,-8.622657,47.447083
ASSAULT,8,False,3,70.6555,-7.89754
THEFT,2,False,6,55.772392,18.458694
SEX OFFENSE,3,True,1,-19.497734,52.550095
CRIMINAL DAMAGE,11,False,5,-38.380756,-44.290054
DECEPTIVE PRACTICE,13,False,5,-39.28767,-43.755722
THEFT,17,True,4,-34.30499,51.091995
WEAPONS VIOLATION,19,False,4,55.676643,29.974781
BATTERY,18,False,4,55.88026,11.25818
CRIMINAL DAMAGE,15,True,2,-21.546934,70.231445
ASSAULT,1,False,0,58.967754,14.229781
BURGLARY,13,False,0,54.56566,-27.972673
THEFT,14,False,2,-28.728987,-15.298561
BATTERY,7,False,1,-52.30689,-33.560493
CRIMINAL DAMAGE,0,False,6,22.985804,-27.195374
BATTERY,22,False,4,-5.963243,-69.95659
ASSAULT,23,True,5,-21.453552,60.271946
THEFT,14,False,4,-20.077234,-17.572014
CRIMINAL SEXUAL ASSAULT,2,False,1,-19.600264,-45.014713
CRIMINAL DAMAGE,18,False,1,-18.02749,-72.75277
BATTERY,21,True,1,-49.114082,27.881557
BATTERY,15,True,0,-16.426914,25.751898
ASSAULT,10,False,4,-7.9306884,-45.83428
BURGLARY,3,False,5,-32.252815,-44.183815
BURGLARY,6,False,4,28.070415,-45.27882
THEFT,16,False,4,34.75068,-1.0832639
OTHER OFFENSE,8,True,5,-35.727467,60.103176
DECEPTIVE PRACTICE,13,False,3,32.243427,-21.718754
SEX OFFENSE,18,False,6,21.409147,-62.001648
PUBLIC PEACE VIOLATION,19,False,1,39.044724,14.798367
DECEPTIVE PRACTICE,8,False,1,-21.098127,-41.893974
SEX OFFENSE,14,False,4,0.39104515,-46.20262
NARCOTICS,11,False,6,56.09769,15.242607
ASSAULT,13,True,5,-22.625679,61.545544
OTHER OFFENSE,20,False,6,59.615295,21.94326
BATTERY,23,False,6,37.191887,-53.928658
STALKING,1,False,2,-44.833828,1.7289338
BURGLARY,4,False,3,42.78646,-33.652897
BATTERY,20,True,6,-19.062128,26.736328
NARCOTICS,12,True,6,25.230492,42.91641
BURGLARY,21,False,2,-34.299194,-58.45869
THEFT,0,False,0,65.55868,19.531996
DECEPTIVE PRACTICE,0,False,5,-52.053944,-31.247156
WEAPONS VIOLATION,19,False,1,-29.316149,-57.97216
BATTERY,11,True,4,0.92997205,29.367832
BATTERY,17,False,3,70.524284,-8.255715
MOTOR VEHICLE THEFT,4,True,6,-1.134902,53.247025
THEFT,1,True,6,20.314125,73.28875
ASSAULT,12,False,1,-12.547425,-42.029194
OTHER OFFENSE,6,False,1,-15.636317,-28.10684
THEFT,15,False,6,21.433239,-9.205866
THEFT,13,False,0,28.46238,-2.635734
MOTOR VEHICLE THEFT,7,True,5,-26.12713,62.88808
ASSAULT,14,False,2,-9.073937,-44.348415
ASSAULT,9,False,5,-40.127464,-50.952747
THEFT,0,False,6,19.095474,-4.7915716
ROBBERY,0,True,6,1.6501707,43.561993
CRIMINAL DAMAGE,12,False,6,25.928085,-53.411854
MOTOR VEHICLE THEFT,9,False,4,-9.807915,-56.41881
BURGLARY,11,False,2,-15.260645,-61.465187
THEFT,9,False,0,64.36782,18.104237
THEFT,18,False,4,-24.132746,-16.159832
BATTERY,15,True,2,-47.69071,29.57352
OTHER OFFENSE,17,True,2,-32.011868,50.633385
BATTERY,18,False,0,-13.320157,11.832429
BATTERY,5,False,5,-36.63385,-51.10801
BATTERY,18,False,1,-19.478586,-36.906143
CRIMINAL DAMAGE,17,False,4,11.81871,-52.64044
BURGLARY,1,False,0,38.431255,-22.485796
BATTERY,22,False,0,15.770257,9.147506
ASSAULT,14,True,3,6.6048155,58.237434
BATTERY,23,True,3,-10.347633,28.23577
MOTOR VEHICLE THEFT,21,False,4,52.76643,-17.810017
BATTERY,11,True,6,-9.554419,52.395573
CRIMINAL DAMAGE,18,False,0,51.682156,-16.13428
DECEPTIVE PRACTICE,16,False,5,-37.581913,-42.975906
BURGLARY,13,False,6,35.37223,-37.378143
BATTERY,20,True,3,8.328364,58.467293
BATTERY,0,True,4,-28.448511,72.53616
BATTERY,11,False,6,32.71915,-44.407166
THEFT,22,True,2,23.81001,28.128508
NARCOTICS,12,False,5,48.321026,23.595144
BATTERY,2,True,4,1.4621915,53.244495
BATTERY,18,True,2,-32.46794,25.01619
ASSAULT,14,False,6,26.389547,-30.642076
THEFT,0,True,3,68.60574,-3.773397
CRIMINAL DAMAGE,19,False,6,32.681618,-57.031742
THEFT,20,False,0,29.235855,-4.875528
BURGLARY,14,False,0,47.460094,-17.94591
CRIMINAL DAMAGE,18,False,4,24.672844,-49.235386
OTHER OFFENSE,23,False,2,-37.538517,0.5597727
THEFT,10,False,1,-41.36507,0.059444353
ASSAULT,7,True,6,2.2033815,53.60267
BURGLARY,23,False,2,-12.808266,-38.112602
BURGLARY,5,False,0,44.589764,-34.321705
THEFT,17,False,0,35.73633,-0.98962975
BURGLARY,4,False,4,-5.3315554,-53.5439
THEFT,15,True,6,25.472801,43.227303
THEFT,0,False,3,12.02193,-13.627744
BATTERY,23,False,1,34.3691,18.328848
THEFT,2,False,2,-13.854106,-25.651592
ASSAULT,19,False,2,-45.282925,12.90799
THEFT,10,False,5,-43.805077,-25.27255
ASSAULT,12,False,0,44.030735,-20.892847
BATTERY,17,False,2,5.667847,21.686312
DECEPTIVE PRACTICE,8,False,3,38.309845,-42.904526
BATTERY,16,False,3,37.06694,-46.12207
CRIMINAL TRESPASS,9,False,1,39.53531,24.736605
THEFT,15,False,4,6.096859,-26.570414
ASSAULT,11,False,5,-39.780266,-54.451935
ASSAULT,0,False,5,-27.736544,-48.976444
BATTERY,21,False,0,-13.549736,10.410569
BURGLARY,7,False,3,34.524532,-42.787743
ASSAULT,16,False,5,35.087044,14.509151
ASSAULT,13,False,1,-18.580044,-63.44098
BATTERY,16,False,5,-44.973927,-51.56638
NARCOTICS,17,False,6,57.787086,26.255947
BATTERY,23,False,6,-17.777775,12.632243
BATTERY,13,False,4,10.469071,-56.238
BATTERY,16,False,6,-19.507227,0.5034594
CRIMINAL DAMAGE,15,True,1,-17.4212,63.740192
THEFT,22,False,2,39.01894,20.190916
CRIMINAL DAMAGE,10,True,4,-4.0209403,74.80093
THEFT,4,True,6,7.813575,68.479675
OFFENSE INVOLVING CHILDREN,11,False,1,-62.885777,-3.9368465
BATTERY,18,False,1,34.527603,20.50696
CRIMINAL TRESPASS,17,False,4,18.216967,-27.46105
THEFT,17,False,1,-29.932827,-15.706903
OTHER OFFENSE,18,False,0,-4.884348,3.9807224
THEFT,11,False,5,-43.946217,-22.773615
BATTERY,19,True,4,-11.599788,30.764784
OTHER OFFENSE,12,True,5,26.333403,28.861109
MOTOR VEHICLE THEFT,10,False,4,25.70547,-42.866096
THEFT,11,False,4,29.109642,-7.2264266
CRIMINAL DAMAGE,23,False,3,37.749416,-36.082436
THEFT,9,True,0,12.792253,74.343094
THEFT,23,False,2,-23.613314,-19.298903
BATTERY,19,False,4,-24.533344,10.687081
DECEPTIVE PRACTICE,17,True,6,4.6515236,62.777756
BATTERY,16,False,4,50.5956,-23.577118
CRIMINAL SEXUAL ASSAULT,17,False,4,20.117575,-63.573658
THEFT,20,False,0,32.368866,-1.4375793
BATTERY,20,False,4,14.706181,-52.919388
MOTOR VEHICLE THEFT,13,False,1,-34.799793,-54.73812
MOTOR VEHICLE THEFT,4,False,5,-30.059692,-44.536434
THEFT,18,False,0,33.12416,-1.4224434
CRIMINAL DAMAGE,0,True,2,-30.443693,69.094246
CRIMINAL TRESPASS,11,False,6,6.261378,-33.64317
THEFT,2,True,1,-36.410027,67.86103
BATTERY,7,False,6,31.850252,-44.101944
OTHER OFFENSE,21,False,2,-41.199078,-2.890409
BATTERY,0,True,3,-14.114155,33.248947
BATTERY,12,False,3,-0.053707786,14.781893
CRIMINAL DAMAGE,8,False,6,33.198162,-38.732967
CRIMINAL DAMAGE,23,False,4,51.174496,-18.856012
BATTERY,2,False,6,-16.733603,7.928042
MOTOR VEHICLE THEFT,16,True,2,-20.709223,75.350784
OTHER OFFENSE,0,True,4,-22.470427,35.212715
ASSAULT,1,False,6,-18.721586,3.4269974
DECEPTIVE PRACTICE,12,False,3,32.1746,-21.547235
BURGLARY,3,False,2,-16.461014,-55.252617
WEAPONS VIOLATION,0,False,6,51.499767,34.439762
THEFT,13,False,1,-52.887043,-25.481007
THEFT,18,False,4,16.162142,-21.133833
THEFT,23,False,4,18.564129,-18.323761
THEFT,8,True,3,13.934345,78.606735
BATTERY,21,True,5,-20.949226,61.79514
ASSAULT,17,False,2,-63.94319,3.3927875
BATTERY,20,False,1,-41.51942,10.451427
BATTERY,2,False,6,-0.6114498,18.944174
DECEPTIVE PRACTICE,12,False,0,17.384954,9.88782
THEFT,19,True,4,-33.67016,32.630444
BURGLARY,8,True,4,1.0504507,55.602757
DECEPTIVE PRACTICE,19,False,3,70.21331,-6.27609
THEFT,10,False,1,-29.73645,-21.346783
BATTERY,6,False,2,-47.30888,9.465622
BURGLARY,0,False,6,30.226645,-37.958733
OTHER OFFENSE,14,True,1,19.266108,28.933325
BURGLARY,9,False,3,70.65431,-7.258643
CRIMINAL TRESPASS,17,True,4,24.46961,32.30011
MOTOR VEHICLE THEFT,18,False,6,30.488722,-59.169273
DECEPTIVE PRACTICE,18,False,4,12.196676,-51.18889
BURGLARY,17,True,3,-6.9069595,53.0839
THEFT,16,False,4,-2.3509378,-14.850095
OTHER OFFENSE,0,False,2,-48.212536,-3.8412147
MOTOR VEHICLE THEFT,23,True,4,-0.82991743,60.119225
BATTERY,12,False,4,31.666351,-48.233948
THEFT,11,True,0,17.6261,70.601364
THEFT,15,False,4,61.623055,20.820457
BATTERY,21,True,4,-24.531235,48.2595
MOTOR VEHICLE THEFT,2,True,2,-30.07646,71.76649
MOTOR VEHICLE THEFT,20,False,2,-13.541041,-73.16356
THEFT,1,True,5,-33.006676,58.21758
INTIMIDATION,15,True,2,-26.76169,48.540695
THEFT,0,False,0,19.574907,12.017718
ASSAULT,0,False,2,-12.35879,-54.557613
NARCOTICS,19,False,6,57.40595,23.406504
INTIMIDATION,21,False,0,41.982647,-51.802315
CRIMINAL TRESPASS,1,False,0,63.27388,15.391295
THEFT,10,False,2,-26.340694,-18.573923
THEFT,16,False,5,-39.950996,-22.00646
ROBBERY,7,False,5,-28.979486,-56.669212
BATTERY,15,False,5,-38.90599,-50.281475
BATTERY,23,True,5,-36.624985,25.856573
THEFT,20,True,4,-0.88088816,78.629364
THEFT,17,False,2,-38.77659,0.5848098
ASSAULT,8,True,3,-1.258783,47.741272
OTHER OFFENSE,11,False,6,15.459413,-22.233498
CRIMINAL DAMAGE,1,False,0,58.866543,18.454422
BURGLARY,0,False,3,45.8323,-38.289783
BATTERY,23,False,5,-22.267702,-38.505535
MOTOR VEHICLE THEFT,20,False,0,15.68592,11.505929
DECEPTIVE PRACTICE,15,False,5,37.18947,15.538334
OTHER OFFENSE,13,False,1,-47.788876,-4.834438
THEFT,20,False,6,7.751811,-14.883812
CONCEALED CARRY LICENSE VIOLATION,23,False,6,57.46847,26.795792
DECEPTIVE PRACTICE,6,False,5,-35.86281,-46.41538
THEFT,11,False,3,12.988019,-7.362339
BATTERY,20,False,6,2.2022521,14.139352
OTHER OFFENSE,21,True,1,-35.0407,31.962568
THEFT,22,False,4,-39.020493,-20.699703
BURGLARY,10,False,3,39.24518,-37.40587
PUBLIC PEACE VIOLATION,19,False,1,43.81737,21.737038
BATTERY,7,True,4,6.164975,28.088573
THEFT,7,False,4,-25.514824,-24.041937
ASSAULT,14,False,2,-44.18311,11.553685
BATTERY,14,False,6,36.211887,-47.471687
BATTERY,17,False,0,46.219826,-21.23598
DECEPTIVE PRACTICE,12,False,6,23.722494,-46.967304
BATTERY,20,True,3,-9.960186,27.789248
NARCOTICS,1,True,2,25.316462,34.882416
THEFT,19,False,1,-41.53977,0.94895494
OTHER OFFENSE,10,False,5,-50.310265,-5.1058774
BURGLARY,7,True,1,-26.942364,63.46118
ASSAULT,18,False,1,-40.373035,7.777452
MOTOR VEHICLE THEFT,14,False,5,-35.1273,-53.718216
BATTERY,9,False,1,4.86337,21.322271
THEFT,20,False,5,-41.837894,-20.662918
THEFT,12,False,3,19.846502,-5.7165303
BURGLARY,8,True,5,-26.066,61.927128
THEFT,6,False,0,10.720754,-13.129164
CRIMINAL SEXUAL ASSAULT,0,False,1,-46.20145,8.052921
THEFT,12,False,0,36.31428,-2.4949946
THEFT,22,False,0,26.404648,0.07345669
ASSAULT,16,False,3,39.324665,-48.37015
CRIMINAL DAMAGE,9,False,5,-35.89333,-42.601368
MOTOR VEHICLE THEFT,19,False,2,-13.28275,-66.02127
SEX OFFENSE,15,False,0,54.56829,-33.924282
OTHER OFFENSE,18,True,5,-30.222235,55.02956
BURGLARY,4,True,2,-28.926655,71.298256
THEFT,16,False,0,18.423836,11.574895
CRIMINAL TRESPASS,17,True,4,-3.487645,75.54307
BATTERY,6,True,3,-13.497254,32.77984
BATTERY,1,False,2,3.4994435,20.106735
BATTERY,14,False,2,-18.949554,-64.50492
ASSAULT,15,True,5,-18.468573,61.088852
BURGLARY,18,False,6,8.4375305,-36.52293
LIQUOR LAW VIOLATION,6,True,1,-35.04181,60.87493
CRIMINAL DAMAGE,7,False,2,-8.630516,-57.64244
THEFT,15,False,4,30.41851,-7.17741
OTHER OFFENSE,16,False,6,-6.1528344,-2.3525631
BURGLARY,22,False,2,42.807186,16.870016
BATTERY,17,False,0,53.919502,-25.899185
BATTERY,21,False,0,53.801506,-23.307669
NARCOTICS,20,False,6,58.772293,26.133558
CRIMINAL DAMAGE,2,True,6,-11.022491,50.567
THEFT,11,True,3,8.308617,68.58091
THEFT,10,False,5,-36.357327,-21.430079
ASSAULT,13,True,6,-9.477714,30.446617
CRIMINAL DAMAGE,15,True,1,-17.635681,63.455708
MOTOR VEHICLE THEFT,10,False,2,-22.61377,-59.324135
MOTOR VEHICLE THEFT,5,False,6,28.77822,-42.526943
MOTOR VEHICLE THEFT,2,False,1,-52.884853,-32.42744
BATTERY,8,True,4,-5.540816,74.21765
CRIMINAL DAMAGE,23,True,6,7.409603,56.750793
BATTERY,21,False,2,-59.57558,3.0119288
ROBBERY,21,False,0,55.821575,29.829718
MOTOR VEHICLE THEFT,12,False,1,-58.36396,-7.4690723
DECEPTIVE PRACTICE,20,False,0,51.60675,-19.732962
MOTOR VEHICLE THEFT,11,False,4,25.853949,-43.820568
BATTERY,7,False,1,-56.7116,1.1094384
CRIMINAL DAMAGE,23,False,3,45.522198,-45.103813
THEFT,1,True,1,-32.343983,55.400738
BATTERY,0,False,0,59.91849,8.735904
CRIMINAL TRESPASS,10,False,5,-51.323654,-5.4193325
CRIMINAL DAMAGE,15,True,3,-11.303221,33.46872
BATTERY,8,False,4,10.77501,-56.13736
MOTOR VEHICLE THEFT,16,True,2,-20.141117,71.18782
MOTOR VEHICLE THEFT,1,True,2,-27.51124,71.27719
CRIMINAL DAMAGE,21,True,5,-20.547426,64.16792
WEAPONS VIOLATION,11,True,3,16.87458,57.566383
ASSAULT,11,False,5,-45.2468,-50.58893
OTHER OFFENSE,9,False,6,-7.685215,4.148058
OTHER OFFENSE,6,True,4,2.200656,70.03545
BURGLARY,19,False,2,-8.151973,-66.975174
ASSAULT,10,True,2,-24.41877,49.746975
ROBBERY,8,True,6,2.607799,43.34151
ASSAULT,4,True,3,-1.4726672,48.079872
ASSAULT,14,True,3,-7.7774076,52.457703
CRIMINAL DAMAGE,1,False,1,-29.348269,-46.57887
CRIMINAL DAMAGE,2,True,4,19.084524,35.79031
BURGLARY,19,False,5,-39.85471,-55.523617
THEFT,8,True,1,-37.130535,66.29457
CRIMINAL SEXUAL ASSAULT,21,True,5,-37.650322,26.176168
BATTERY,4,True,1,-45.299316,31.713198
MOTOR VEHICLE THEFT,8,True,5,-25.46622,53.07722
CRIMINAL DAMAGE,7,False,5,-35.706173,-45.566456
THEFT,0,False,4,-26.106447,-25.211943
BATTERY,23,True,6,24.219082,40.742817
INTERFERENCE WITH PUBLIC OFFICER,20,True,1,21.953022,30.78557
MOTOR VEHICLE THEFT,18,False,6,25.318922,-58.752148
WEAPONS VIOLATION,22,False,0,54.04434,32.669827
ASSAULT,22,False,3,31.567007,-54.05231
ASSAULT,8,False,2,-22.454264,-65.42781
DECEPTIVE PRACTICE,14,True,0,17.443516,15.109448
ASSAULT,11,False,5,-39.752647,-54.2538
MOTOR VEHICLE THEFT,3,False,1,-29.226707,-48.078964
THEFT,7,False,4,34.744713,-6.303395
NARCOTICS,5,False,6,55.218258,14.80525
ASSAULT,11,False,4,47.584602,14.949151
OTHER OFFENSE,17,False,5,-42.525913,-24.410488
BATTERY,16,False,5,-40.49793,-51.84562
BATTERY,0,False,2,-57.792397,7.318225
BATTERY,2,False,4,8.208462,-53.975384
ASSAULT,17,False,6,43.914772,-45.02276
BATTERY,12,True,2,-23.566847,70.69836
MOTOR VEHICLE THEFT,17,False,2,43.167213,19.291756
ASSAULT,21,False,6,-22.297415,11.027381
CRIMINAL DAMAGE,23,False,6,32.29622,-56.406097
MOTOR VEHICLE THEFT,8,False,3,28.454546,-42.96635
OTHER OFFENSE,17,False,6,-7.874466,2.303057
MOTOR VEHICLE THEFT,16,False,3,47.14939,-45.952934
ASSAULT,21,False,2,-19.921495,-66.8409
BATTERY,1,True,0,6.872984,47.98613
THEFT,3,True,1,-43.576576,53.690136
OTHER OFFENSE,22,False,1,40.739532,23.99187
OFFENSE INVOLVING CHILDREN,13,False,6,-20.49759,-2.9826438
DECEPTIVE PRACTICE,0,False,5,-14.333949,-30.12561
CRIMINAL DAMAGE,10,False,2,-14.171145,-60.647606
CRIMINAL DAMAGE,7,False,1,-29.298027,-46.359863
BATTERY,17,False,5,33.67144,21.275003
OTHER OFFENSE,15,False,6,22.140917,-12.339752
THEFT,0,True,3,-12.323034,36.234257
BATTERY,21,False,1,-63.565174,1.192263
OTHER OFFENSE,8,False,3,18.44767,-7.196063
BATTERY,9,False,4,-47.76476,11.58307
THEFT,14,False,0,18.893902,10.197524
CRIMINAL DAMAGE,6,False,1,8.13315,14.902558
BATTERY,16,True,2,-32.86389,24.93859
THEFT,0,False,0,36.954197,-6.8953233
ASSAULT,20,True,2,-22.9186,72.412895
OTHER OFFENSE,0,False,2,-13.576951,-25.53837
BATTERY,2,False,4,-6.6904187,-51.372505
DECEPTIVE PRACTICE,0,False,4,-5.263537,-33.569244
CRIMINAL DAMAGE,15,True,4,-22.801231,76.51047
ASSAULT,22,True,6,-7.8931823,53.557983
OTHER OFFENSE,23,True,4,13.583751,68.83146
BATTERY,10,True,3,67.56809,-4.9783645
DECEPTIVE PRACTICE,10,False,0,50.345776,-27.38223
DECEPTIVE PRACTICE,9,True,1,-26.882402,51.934002
THEFT,5,False,6,11.512216,-10.026428
THEFT,17,True,5,-36.510185,57.0842
ASSAULT,3,False,2,6.5233903,19.215223
ASSAULT,9,False,1,-18.480457,-61.152676
ASSAULT,9,False,2,-60.790398,5.1437182
MOTOR VEHICLE THEFT,7,False,6,29.501007,-41.441998
CRIMINAL DAMAGE,15,False,5,-37.68282,-45.362473
OTHER OFFENSE,12,True,3,14.389556,78.25346
CRIMINAL DAMAGE,23,False,5,-40.87755,-46.466652
THEFT,22,False,2,-23.977211,-18.972301
CRIMINAL DAMAGE,7,False,5,-32.873463,-47.353966
CRIMINAL DAMAGE,10,False,4,6.451293,17.493496
BATTERY,18,False,2,-58.79493,0.52823085
NARCOTICS,13,False,1,-15.036742,-63.177544
NARCOTICS,20,False,3,58.975674,24.068363
OTHER OFFENSE,23,True,3,-19.363537,37.305363
CRIMINAL TRESPASS,17,False,0,50.93811,-15.966332
BATTERY,16,False,6,21.280859,-32.93035
BATTERY,18,False,1,-58.85818,-7.003893
MOTOR VEHICLE THEFT,17,False,4,26.09665,-44.36411
DECEPTIVE PRACTICE,13,False,0,48.717026,-14.952559
DECEPTIVE PRACTICE,10,False,5,-37.88531,-40.888687
ASSAULT,18,False,3,44.45284,-48.13174
CRIMINAL SEXUAL ASSAULT,6,False,4,8.2082615,-41.80443
DECEPTIVE PRACTICE,13,False,1,-39.51739,-40.147003
DECEPTIVE PRACTICE,13,False,5,-39.068462,-45.434185
THEFT,12,False,3,-4.171674,-2.4278963
MOTOR VEHICLE THEFT,12,True,2,-21.556767,72.73875
THEFT,20,True,2,-39.498856,64.140045
BATTERY,6,True,2,6.288504,28.16063
THEFT,19,True,5,-39.098103,59.920925
DECEPTIVE PRACTICE,12,False,0,36.127357,-19.722637
MOTOR VEHICLE THEFT,21,False,2,-13.669095,-66.27384
THEFT,17,False,6,3.4951186,-27.19537
CRIMINAL SEXUAL ASSAULT,0,True,4,-5.4688263,63.45927
BATTERY,4,False,0,-15.123187,4.471648
INTERFERENCE WITH PUBLIC OFFICER,19,False,6,56.78367,24.198223
BATTERY,9,True,1,-43.21988,30.759674
HOMICIDE,19,False,6,18.224932,-63.285046
CRIMINAL SEXUAL ASSAULT,17,False,4,-5.6189737,-67.29215
INTERFERENCE WITH PUBLIC OFFICER,18,False,6,58.66672,25.492586
THEFT,21,True,4,15.48639,71.47009
NARCOTICS,20,False,6,57.666874,25.668793
MOTOR VEHICLE THEFT,5,True,2,-30.457718,70.78245
CRIMINAL TRESPASS,0,False,3,46.86164,-38.997677
THEFT,13,True,2,-37.71105,35.1547
OFFENSE INVOLVING CHILDREN,0,False,4,-20.835917,8.268893
BATTERY,17,False,1,-19.880457,-36.438416
BATTERY,16,False,6,58.168087,10.13513
BATTERY,14,False,6,33.013775,-46.52986
BATTERY,2,True,1,-46.77113,33.167824
BATTERY,4,False,1,3.8975987,20.821577
ASSAULT,22,False,4,60.58495,12.346081
BURGLARY,15,False,3,70.08473,-7.8147793
WEAPONS VIOLATION,15,False,4,-25.214436,-58.697018
BATTERY,4,True,2,-47.45781,31.831383
THEFT,13,False,0,3.9056249,-28.083414
BATTERY,19,True,5,-21.15684,60.088696
CRIMINAL DAMAGE,0,False,2,-8.970761,-34.40197
OTHER OFFENSE,22,False,2,39.581367,21.464159
CRIMINAL SEXUAL ASSAULT,22,False,0,44.03601,-19.146568
THEFT,19,False,4,-20.52349,-14.669788
THEFT,10,False,2,-27.04403,-17.703388
THEFT,19,True,3,11.151018,77.1829
CRIMINAL DAMAGE,9,True,2,-25.096928,72.47704
CRIMINAL DAMAGE,11,False,6,-18.43456,9.224444
BATTERY,0,True,5,-44.805363,32.40596
CRIMINAL DAMAGE,1,True,0,4.3479185,48.057755
MOTOR VEHICLE THEFT,4,False,1,-53.817043,-29.579205
THEFT,23,True,1,-39.073967,61.040634
OTHER OFFENSE,0,False,4,8.698902,-25.820028
DECEPTIVE PRACTICE,17,False,5,37.434418,14.253373
ROBBERY,2,True,4,18.714348,42.960945
ASSAULT,12,False,4,-6.6159735,-45.559338
THEFT,10,False,1,-53.38865,-26.305086
THEFT,23,False,1,-53.88425,-25.269321
BATTERY,19,True,3,-18.773739,25.501245
MOTOR VEHICLE THEFT,20,False,3,45.32673,-46.308193
THEFT,8,True,0,18.251986,14.434857
THEFT,8,False,4,7.6338706,-25.963688
CRIMINAL SEXUAL ASSAULT,0,False,4,-14.085174,5.9184003
THEFT,2,False,3,16.484865,-5.6505046
SEX OFFENSE,8,False,2,46.419197,34.47187
ASSAULT,18,True,0,9.169193,51.797066
BATTERY,21,True,6,0.715634,29.030352
BATTERY,18,False,3,58.86641,13.41823
BURGLARY,18,False,6,45.558735,-48.1361
OTHER OFFENSE,1,True,5,-42.198444,34.807556
BATTERY,12,False,6,-24.499727,10.5739765
CRIMINAL DAMAGE,9,True,5,-25.963642,60.67674
DECEPTIVE PRACTICE,12,False,2,-7.3292584,-38.368916
OTHER OFFENSE,23,True,0,25.989582,47.226566
ASSAULT,13,False,2,-17.91,-62.754826
BATTERY,20,True,6,-18.65227,26.041416
MOTOR VEHICLE THEFT,12,False,1,-33.24119,-53.968452
CRIMINAL TRESPASS,5,False,2,-9.37675,-33.68549
OTHER OFFENSE,16,False,1,-17.382267,-24.975475
ASSAULT,11,False,5,-37.744762,-50.901966
DECEPTIVE PRACTICE,6,False,5,-35.11207,-43.269196
WEAPONS VIOLATION,14,False,2,44.961555,33.666798
THEFT,9,True,2,-37.5427,35.341118
ROBBERY,21,False,4,0.39323288,-44.10101
BATTERY,18,False,3,44.012554,-44.745613
SEX OFFENSE,12,True,5,-19.962639,52.9934
BATTERY,19,False,4,-46.0537,13.15295
ASSAULT,0,False,1,-53.788277,-33.397755
MOTOR VEHICLE THEFT,1,False,5,43.931263,27.030535
BATTERY,20,False,5,-40.56677,-55.169064
THEFT,0,True,0,18.014782,66.19009
BATTERY,19,False,3,-15.220353,1.85325
THEFT,19,True,1,-39.687138,60.443092
THEFT,13,True,6,-16.1065,37.191273
BURGLARY,19,True,2,-21.171732,69.57445
ASSAULT,16,False,5,-42.818985,-53.79745
CRIMINAL TRESPASS,16,False,0,34.922405,-35.110977
BATTERY,5,False,4,-56.28619,5.244365
MOTOR VEHICLE THEFT,18,False,0,38.12314,-50.883408
CRIMINAL TRESPASS,13,False,1,40.514347,29.364641
NARCOTICS,10,False,1,44.968826,19.288774
MOTOR VEHICLE THEFT,8,False,1,-18.581097,-59.15737
DECEPTIVE PRACTICE,18,False,4,17.94246,-27.461533
MOTOR VEHICLE THEFT,19,False,0,55.554314,-26.293045
BATTERY,2,True,0,4.724464,49.157692
THEFT,20,False,0,27.698977,-9.367721
BATTERY,16,False,2,-21.886269,-68.915306
OTHER OFFENSE,0,False,1,-33.49224,-23.280523
MOTOR VEHICLE THEFT,3,False,6,25.471003,-41.861076
CRIMINAL DAMAGE,4,False,4,45.458843,-28.273617
THEFT,9,False,0,12.909659,-8.476185
BURGLARY,12,False,3,38.74479,-37.665195
THEFT,13,True,0,16.357235,67.649155
MOTOR VEHICLE THEFT,3,True,4,-31.124868,71.81409
CRIMINAL TRESPASS,8,False,4,8.55214,-51.499966
THEFT,15,False,6,16.513067,-22.399807
ASSAULT,20,False,4,-45.650513,15.162191
OTHER OFFENSE,15,False,4,-16.042944,-22.104498
DECEPTIVE PRACTICE,15,True,6,-1.2281859,66.27541
CRIMINAL DAMAGE,14,True,2,-26.669994,51.206085
BATTERY,10,False,6,29.564503,-48.947968
THEFT,23,False,1,-48.06188,-7.696156
ASSAULT,16,True,2,-46.41149,27.973063
ASSAULT,12,True,1,-34.814705,26.460732
THEFT,13,True,0,15.952088,73.98809
MOTOR VEHICLE THEFT,23,True,2,-20.387798,69.33693
ASSAULT,12,False,4,26.847914,-31.306189
DECEPTIVE PRACTICE,13,False,1,-39.942406,-42.630135
BURGLARY,10,False,0,47.84221,-27.419548
CRIMINAL TRESPASS,18,True,0,5.6076403,61.646366
ASSAULT,23,True,3,-9.3039875,28.15567
OFFENSE INVOLVING CHILDREN,12,False,1,-19.872484,-46.818966
THEFT,7,False,5,-52.782642,-26.806585
BURGLARY,18,False,1,-22.90412,-44.0081
CRIMINAL DAMAGE,17,False,6,-18.330177,9.462553
OTHER OFFENSE,19,False,6,14.949422,-20.21105
BURGLARY,16,False,1,-17.982939,-63.94799
BURGLARY,0,False,4,-6.1301,-53.47699
BATTERY,19,True,2,-22.655317,74.23962
BATTERY,12,False,2,-46.85859,12.637154
BATTERY,20,True,3,-6.627329,51.606186
THEFT,21,False,4,63.36616,18.511858
BATTERY,11,False,2,-11.962492,-42.531124
CRIMINAL TRESPASS,11,False,2,-42.892254,-2.247738
THEFT,15,False,6,7.1452813,-8.699605
MOTOR VEHICLE THEFT,20,False,3,45.17024,-43.736572
ASSAULT,17,False,6,28.800106,-55.42899
CRIMINAL DAMAGE,19,False,0,23.56413,9.07812
OTHER OFFENSE,11,True,1,-37.603752,60.272488
BATTERY,7,False,2,-48.80544,11.828029
OTHER OFFENSE,15,False,1,-56.273483,-9.236761
DECEPTIVE PRACTICE,8,False,4,10.869473,-49.882442
BATTERY,16,True,1,20.390522,33.74456
WEAPONS VIOLATION,15,False,6,21.223577,-59.92033
THEFT,0,False,2,-28.782896,-23.817966
BURGLARY,21,False,4,11.504377,-57.10932
ASSAULT,10,False,4,7.4430847,-37.604717
CRIMINAL DAMAGE,12,False,4,-6.958822,-39.811794
BURGLARY,11,False,4,8.678079,-37.33207
WEAPONS VIOLATION,8,False,3,54.121838,34.106606
BATTERY,14,False,1,-61.332306,2.6030972
NARCOTICS,18,False,6,59.367065,25.987825
PUBLIC PEACE VIOLATION,19,True,1,26.080912,31.542831
OTHER OFFENSE,18,True,3,12.075879,68.26862
CRIMINAL TRESPASS,3,False,6,5.3736444,-32.64938
ASSAULT,7,False,5,-44.871773,5.9483976
BATTERY,4,False,2,-26.862059,-51.89041
MOTOR VEHICLE THEFT,22,False,2,-4.6018205,-40.254635
NARCOTICS,12,False,1,40.60143,29.297329
OTHER OFFENSE,2,True,0,19.10963,13.934884
SEX OFFENSE,8,False,4,0.56687874,-44.452377
MOTOR VEHICLE THEFT,23,False,4,26.089855,-59.54809
MOTOR VEHICLE THEFT,3,False,4,-7.935266,-55.397186
THEFT,7,False,0,65.231094,20.427631
THEFT,15,False,3,13.870209,-5.0458674
MOTOR VEHICLE THEFT,20,True,3,8.060145,55.358253
CRIMINAL TRESPASS,16,False,1,-39.75984,-38.962814
BATTERY,3,False,0,-4.44583,15.843345
CRIMINAL DAMAGE,22,False,0,35.739086,-34.224213
THEFT,13,False,0,31.112867,-7.168408
CRIMINAL SEXUAL ASSAULT,0,True,4,-5.471846,63.45912
THEFT,15,False,0,4.2967606,-24.536278
DECEPTIVE PRACTICE,10,False,0,35.768047,-18.946224
MOTOR VEHICLE THEFT,7,False,2,-21.557661,-58.458717
BATTERY,0,True,3,-1.1967571,29.918129
BATTERY,2,True,2,-24.665174,51.71452
THEFT,10,False,3,22.747734,-11.522678
BATTERY,20,True,0,10.112883,51.267986
THEFT,0,True,4,2.1071374,70.23434
THEFT,15,False,1,-52.06004,-25.265957
MOTOR VEHICLE THEFT,19,False,2,-33.04115,-55.972267
BURGLARY,14,False,4,-45.126556,-52.449085
DECEPTIVE PRACTICE,17,False,3,38.24957,-30.737465
THEFT,14,False,0,27.361322,-11.331281
THEFT,18,True,6,14.884437,77.26275
BURGLARY,17,False,4,28.356733,-52.451504
THEFT,9,False,4,63.77351,19.456337
NARCOTICS,18,False,3,57.226925,22.797842
ROBBERY,13,False,3,-21.351072,-2.4356372
BURGLARY,16,False,0,39.671127,-49.48662
DECEPTIVE PRACTICE,13,True,4,-25.175243,76.84769
BATTERY,16,True,6,-19.481777,27.161264
OTHER OFFENSE,0,False,6,55.850487,19.598532
ASSAULT,6,True,1,-46.750103,31.422014
THEFT,16,False,5,46.364388,23.54847
NARCOTICS,12,False,6,60.124043,25.444817
THEFT,11,False,4,-5.2776127,-15.020828
OTHER OFFENSE,19,True,3,-17.391895,37.761135
CRIMINAL DAMAGE,13,False,2,-9.611993,-37.975323
THEFT,20,True,5,-37.825752,57.719227
BATTERY,14,True,5,-22.953915,58.703182
ROBBERY,15,False,5,-30.544853,-58.676548
BATTERY,15,False,6,36.179653,-46.025063
BURGLARY,23,False,6,45.75596,-48.39729
BATTERY,18,False,0,15.962911,9.875204
CRIMINAL DAMAGE,5,True,3,-12.223766,34.9463
OTHER OFFENSE,10,False,6,19.626951,-20.360384
MOTOR VEHICLE THEFT,17,False,1,-35.762863,-55.41585
THEFT,21,False,4,-39.10994,-20.701914
CRIMINAL DAMAGE,9,False,4,8.230575,-52.138905
INTIMIDATION,9,True,4,-16.486692,27.756392
THEFT,15,False,3,16.358667,-3.2481146
THEFT,21,False,5,-41.563927,-23.851847
BATTERY,23,True,6,-0.32666963,27.266253
CRIMINAL DAMAGE,16,False,5,-58.580994,-2.350165
BURGLARY,12,True,4,-23.083448,74.8192
THEFT,3,True,0,19.194174,71.62912
OTHER OFFENSE,0,False,4,30.106495,-12.827093
ASSAULT,7,False,3,39.4048,-38.523777
CRIMINAL TRESPASS,12,False,0,37.332134,-18.26375
OTHER OFFENSE,23,False,3,13.620977,-2.0174778
WEAPONS VIOLATION,1,False,2,-20.47793,-48.555542
ASSAULT,9,False,4,21.482763,-31.049265
ASSAULT,22,False,4,-26.905329,4.845859
THEFT,15,False,2,-16.321255,-22.277178
MOTOR VEHICLE THEFT,6,False,4,-13.480184,-51.670357
MOTOR VEHICLE THEFT,11,False,4,24.81468,-55.995586
BURGLARY,21,True,3,9.284525,56.857967
OTHER OFFENSE,19,False,0,32.049305,0.22414248
MOTOR VEHICLE THEFT,5,True,1,-44.517105,51.169
THEFT,10,True,0,18.064589,70.24462
BURGLARY,5,False,5,-34.20404,-44.813812
BATTERY,1,False,6,-17.256838,4.3354044
NARCOTICS,15,False,6,55.680943,15.699239
THEFT,13,False,1,-17.791908,-26.184647
THEFT,11,True,2,-33.246815,51.72664
CRIMINAL DAMAGE,1,True,4,-4.0310745,66.44299
MOTOR VEHICLE THEFT,8,False,2,-16.429604,-56.831375
ROBBERY,22,False,3,16.749756,-41.797863
BATTERY,3,True,6,-0.26231787,49.851627
THEFT,15,False,0,18.63541,12.137466
BATTERY,10,False,5,-44.17698,6.3813033
THEFT,20,False,3,12.621875,-1.8839456
THEFT,2,False,1,-34.049957,-24.94333
DECEPTIVE PRACTICE,14,False,3,28.700243,-20.452354
ASSAULT,7,False,2,-27.389805,-52.235165
BATTERY,7,False,0,-13.34607,8.791716
BATTERY,9,True,3,-17.248522,29.888178
CRIMINAL DAMAGE,6,False,3,41.618343,-36.34849
MOTOR VEHICLE THEFT,20,False,2,-13.792505,-73.38873
CRIMINAL DAMAGE,21,False,5,-42.845623,-45.08639
OTHER OFFENSE,3,False,0,-4.0655246,14.177586
NARCOTICS,22,False,3,59.661217,24.008131
THEFT,0,False,6,14.6918125,-23.670362
CRIMINAL DAMAGE,2,False,0,25.71501,-23.376858
BATTERY,12,False,5,5.8492546,17.23278
ROBBERY,23,False,6,21.60955,-61.555233
BURGLARY,0,True,6,0.18749653,53.135048
ASSAULT,14,False,1,-58.276337,1.2346117
BURGLARY,1,False,2,-12.690133,-44.416702
BATTERY,23,False,2,-19.601128,-66.36223
BURGLARY,19,True,2,-26.354603,49.659794
BATTERY,21,False,6,-22.676126,11.690687
ASSAULT,0,False,1,-30.003675,-51.333557
OTHER OFFENSE,19,False,3,63.947147,23.637434
THEFT,14,True,4,16.511215,70.608925
BATTERY,4,False,4,46.256924,13.644569
BATTERY,20,False,6,37.160103,-54.07254
THEFT,17,False,4,63.10499,19.986227
MOTOR VEHICLE THEFT,21,False,6,27.844479,-59.657276
ASSAULT,4,False,1,35.033245,22.477015
BURGLARY,16,False,2,-10.971561,-38.476
CRIMINAL TRESPASS,12,False,3,61.51298,23.081427
NARCOTICS,13,True,6,29.530352,44.137314
BATTERY,11,False,5,-44.77759,-49.14454
DECEPTIVE PRACTICE,19,True,6,7.349897,65.12852
BURGLARY,20,False,4,27.965122,-53.92595
THEFT,10,False,2,-16.067797,-24.350365
ASSAULT,17,False,5,-51.88596,-35.12134
WEAPONS VIOLATION,22,False,5,45.45576,31.861572
DECEPTIVE PRACTICE,8,True,2,-31.175404,67.9897
CRIMINAL DAMAGE,22,True,1,-17.985971,69.33335
BATTERY,9,False,0,-4.4868703,16.660769
CRIMINAL SEXUAL ASSAULT,11,True,0,10.255638,47.06079
BATTERY,17,False,3,61.120686,10.34289
OTHER OFFENSE,8,True,2,-35.62202,65.52145
ASSAULT,11,True,2,-24.133879,50.38492
THEFT,17,False,4,-5.0057673,-14.191746
MOTOR VEHICLE THEFT,7,False,2,-22.634533,-59.218933
THEFT,8,False,0,30.431316,-8.9843025
BATTERY,7,False,3,-17.748104,-1.5181658
CRIMINAL DAMAGE,2,True,0,4.194846,48.315018
THEFT,16,False,1,-39.025105,0.002866215
ASSAULT,14,True,2,-24.609844,49.689617
ASSAULT,14,False,1,-59.024437,1.9254032
BURGLARY,7,False,2,-9.840409,-36.118797
BURGLARY,8,False,3,37.124702,-43.662636
DECEPTIVE PRACTICE,0,False,1,-10.258527,-32.180717
BATTERY,5,True,6,-0.47029385,29.608622
DECEPTIVE PRACTICE,11,False,3,38.21846,-30.713274
CRIMINAL DAMAGE,10,True,2,-26.748463,51.70617
BATTERY,10,False,5,-56.44307,-1.4268932
THEFT,9,False,1,-31.269258,-19.122002
THEFT,10,False,2,-26.404053,-14.298229
OTHER OFFENSE,16,True,6,28.659903,41.734222
MOTOR VEHICLE THEFT,12,True,5,-23.220663,57.670036
THEFT,7,False,1,-49.107174,-4.4337587
BATTERY,5,True,2,-26.625248,72.632286
THEFT,2,True,0,18.471825,65.50279
LIQUOR LAW VIOLATION,17,False,0,66.13859,17.210258
BURGLARY,2,False,2,-11.154238,-33.89746
THEFT,7,False,6,19.306726,-9.021896
BATTERY,11,True,0,21.56872,43.839844
BATTERY,3,True,4,-32.50936,26.501883
BURGLARY,3,True,6,-6.845914,50.04277
THEFT,10,False,6,11.737798,-9.031632
OTHER OFFENSE,16,False,6,17.566525,-20.347832
PUBLIC PEACE VIOLATION,23,False,0,61.552998,17.188213
BATTERY,19,True,0,-11.802268,27.633017
ASSAULT,2,False,2,-48.35815,7.9720144
ASSAULT,15,False,5,-18.53426,-37.88512
THEFT,18,False,4,-3.3579922,-12.9995775
CRIMINAL DAMAGE,4,True,5,24.874626,35.543007
MOTOR VEHICLE THEFT,3,True,6,-3.175832,67.08349
THEFT,22,False,4,16.974134,-19.74638
ASSAULT,21,False,6,25.040705,-30.395935
OTHER OFFENSE,9,False,1,35.979927,25.877716
CRIMINAL SEXUAL ASSAULT,10,False,1,-19.30448,-45.526203
CRIMINAL DAMAGE,10,False,0,49.644558,-26.486616
THEFT,16,True,4,11.070318,72.93188
OTHER OFFENSE,15,True,2,-37.734787,35.543896
OTHER OFFENSE,19,False,3,13.578935,-2.065114
OTHER OFFENSE,11,False,0,27.22471,-2.9280133
CRIMINAL DAMAGE,16,True,1,-21.274708,66.31615
BATTERY,2,False,5,-45.306576,6.3422017
PUBLIC PEACE VIOLATION,13,False,5,45.635757,23.321005
BATTERY,21,True,5,-20.755453,61.60869
MOTOR VEHICLE THEFT,21,True,4,-20.617731,65.77174
BATTERY,3,False,2,-57.67404,7.413062
BATTERY,16,False,5,-21.520668,-38.316414
ROBBERY,9,True,6,15.402826,56.97856
MOTOR VEHICLE THEFT,23,True,4,-11.621298,30.633993
WEAPONS VIOLATION,18,False,3,53.617867,32.04723
BATTERY,9,True,2,-31.142582,28.203562
THEFT,19,False,1,-18.024805,-23.186907
BURGLARY,5,False,2,-14.722476,-54.089195
ASSAULT,12,False,1,-26.308903,-52.12611
ARSON,4,True,2,22.658518,35.219013
BATTERY,12,True,1,-47.14222,30.144878
ASSAULT,10,False,1,35.928898,17.321442
OTHER OFFENSE,1,True,2,-35.337273,34.31719
ASSAULT,0,False,2,-24.063866,-51.874382
BATTERY,8,False,5,-37.02804,-50.894775
BURGLARY,11,False,4,-37.58101,-48.76519
CRIMINAL DAMAGE,14,True,5,-35.727173,29.725574
THEFT,19,False,0,34.771954,0.84847116
THEFT,9,True,4,-39.187817,66.88784
NARCOTICS,8,False,6,57.77002,21.202042
ASSAULT,14,False,2,-46.682755,13.009751
OFFENSE INVOLVING CHILDREN,18,False,5,-62.79842,-2.8495872
MOTOR VEHICLE THEFT,22,False,3,60.281685,26.18463
OTHER OFFENSE,7,False,1,-53.579987,-27.35546
ASSAULT,0,False,4,44.37296,-26.453304
NARCOTICS,20,False,6,59.54904,26.368605
CRIMINAL DAMAGE,2,True,3,-12.29191,35.175907
BATTERY,19,False,4,-42.542896,13.777174
BATTERY,10,False,1,-46.628613,9.568859
OTHER OFFENSE,9,False,6,10.953632,-8.52323
CRIMINAL TRESPASS,7,False,4,21.810848,-24.254612
BATTERY,19,False,6,-18.77515,12.15593
BURGLARY,0,False,0,46.087536,-28.889774
BATTERY,16,False,0,43.91621,-20.371454
MOTOR VEHICLE THEFT,21,True,2,-19.996124,72.57998
BATTERY,7,False,1,-44.614574,7.9898367
BURGLARY,20,False,2,-10.059609,-41.905453
THEFT,0,False,4,-4.897007,-17.203493
BATTERY,18,True,0,10.940929,49.077854
CRIMINAL DAMAGE,17,True,2,-21.225529,69.86604
WEAPONS VIOLATION,20,False,6,52.61612,30.998335
ROBBERY,8,False,2,-22.481495,-54.288807
BURGLARY,9,False,2,-9.64169,-36.481853
BATTERY,17,True,1,-44.597485,29.479319
BURGLARY,0,True,6,1.312886,52.193012
ASSAULT,10,False,2,-16.7392,-61.817753
ASSAULT,9,True,4,5.626042,50.841686
OTHER OFFENSE,16,False,5,42.288074,26.159994
MOTOR VEHICLE THEFT,18,True,2,-19.144537,74.06215
THEFT,0,False,0,22.444876,11.388663
BATTERY,7,False,3,39.173016,-38.442303
BATTERY,19,True,4,-12.630629,28.614054
THEFT,11,False,4,30.557236,-3.0245564
MOTOR VEHICLE THEFT,17,False,6,29.764467,-58.683212
CRIMINAL DAMAGE,16,False,3,33.52984,-53.490265
THEFT,11,False,4,8.336875,-12.9320965
BATTERY,3,True,2,-47.107197,33.011433
BURGLARY,14,False,3,40.0595,-47.186947
MOTOR VEHICLE THEFT,11,True,1,-24.813114,64.47864
OTHER OFFENSE,15,False,1,-47.092487,-4.6239038
THEFT,8,False,6,9.655695,-12.592858
OTHER OFFENSE,22,True,2,26.147173,32.14503
BATTERY,22,False,6,31.574615,-53.865627
THEFT,8,False,0,26.904919,-1.9995793
THEFT,9,True,5,-35.643215,59.199486
DECEPTIVE PRACTICE,0,False,1,-53.5813,-30.425137
OTHER OFFENSE,21,True,3,67.39978,-4.279313
MOTOR VEHICLE THEFT,23,True,1,-44.614983,27.712227
BATTERY,18,False,6,31.17983,-51.85309
THEFT,3,False,5,-34.633274,-23.114256
MOTOR VEHICLE THEFT,19,False,1,-15.314339,-70.44483
CRIMINAL DAMAGE,13,True,4,-0.3134859,58.670094
CRIMINAL DAMAGE,10,False,4,-32.963074,-48.23686
BURGLARY,1,False,3,46.01784,-38.147343
CRIMINAL DAMAGE,0,False,1,-16.926048,-53.90398
CRIMINAL DAMAGE,19,False,4,8.670522,-30.361248
CRIMINAL DAMAGE,19,False,3,46.031303,-45.19502
THEFT,14,False,4,-5.110493,-13.006495
CRIMINAL DAMAGE,5,False,2,-13.085865,-52.702866
BURGLARY,2,True,4,-28.351625,64.18988
CRIMINAL DAMAGE,15,False,2,-18.0401,-73.10327
ASSAULT,14,False,3,37.466248,-39.9501
WEAPONS VIOLATION,23,False,6,53.258183,32.35795
BATTERY,13,False,2,-6.5758724,-67.05618
BATTERY,5,True,1,-34.167576,26.789822
MOTOR VEHICLE THEFT,15,False,4,-9.484131,-65.998604
ROBBERY,0,False,6,48.68964,-37.01634
THEFT,10,False,4,-4.9128346,-12.449623
BATTERY,15,True,5,-21.610779,61.80742
BATTERY,12,True,5,-43.74513,30.444561
BATTERY,20,False,2,34.65153,15.777103
BURGLARY,18,True,0,8.981017,52.480095
CRIMINAL DAMAGE,18,False,4,26.01567,-50.60022
THEFT,5,False,3,19.581818,-6.9652114
NARCOTICS,0,False,4,54.736084,19.414629
BATTERY,0,True,3,1.1175486,51.01141
BURGLARY,2,False,6,43.312263,-39.063942
BATTERY,20,True,0,-7.1691732,52.39916
THEFT,15,False,4,-24.318388,-15.467361
DECEPTIVE PRACTICE,0,False,4,7.4744515,-50.388126
DECEPTIVE PRACTICE,9,False,4,-6.850012,-58.641365
CRIMINAL DAMAGE,22,True,5,-36.636826,25.240465
BATTERY,14,False,1,-62.07733,1.4100631
DECEPTIVE PRACTICE,16,False,0,36.07154,-19.54117
THEFT,0,False,6,14.843639,-9.831922
ASSAULT,17,False,1,-57.693813,-32.70156
BATTERY,20,False,3,-1.8309702,16.714151
ASSAULT,4,True,2,-46.105743,31.628603
ROBBERY,0,False,6,23.46246,-39.880955
DECEPTIVE PRACTICE,13,False,3,32.762592,-21.491203
DECEPTIVE PRACTICE,18,True,4,-23.30781,77.07831
CRIMINAL DAMAGE,10,False,0,37.17427,-19.866356
ROBBERY,10,False,0,54.366943,-34.187904
MOTOR VEHICLE THEFT,10,True,4,-4.125598,74.6737
DECEPTIVE PRACTICE,1,False,0,9.940098,-29.08817
CRIMINAL TRESPASS,2,False,2,42.72205,14.6003895
THEFT,14,False,0,-6.6977086,2.7391205
WEAPONS VIOLATION,5,False,6,54.032684,34.202938
BURGLARY,1,False,0,37.75413,-23.123726
ROBBERY,20,True,5,-21.533113,56.360092
ASSAULT,11,True,6,-10.7616,52.88327
THEFT,2,False,4,10.575949,-10.346257
DECEPTIVE PRACTICE,19,False,4,23.545057,-48.44576
CRIMINAL DAMAGE,10,False,1,-54.9805,-32.421513
OFFENSE INVOLVING CHILDREN,0,True,4,2.380676,31.106094
OTHER OFFENSE,16,True,2,-31.935205,50.486492
ASSAULT,9,True,6,-12.497024,33.086315
THEFT,22,False,3,13.818666,-2.3345635
BATTERY,21,False,6,32.84103,-49.855583
BATTERY,22,True,2,-25.940493,49.160183
MOTOR VEHICLE THEFT,18,False,6,29.912247,-58.721825
BURGLARY,15,False,3,44.60348,-44.166763
BATTERY,9,False,5,-37.442516,-51.693584
NARCOTICS,13,False,4,55.2154,21.112709
CRIMINAL TRESPASS,14,True,4,5.438738,64.06238
THEFT,20,True,4,-0.8379668,78.00131
BATTERY,20,False,2,-22.331787,-70.302444
ASSAULT,11,False,5,-39.52942,-53.306995
MOTOR VEHICLE THEFT,17,False,4,9.161919,-35.96083
ASSAULT,0,False,2,-48.07374,8.418464
BATTERY,10,True,6,-18.417522,28.284403
THEFT,20,False,0,18.19041,11.705201
DECEPTIVE PRACTICE,14,True,4,7.768608,52.66431
THEFT,14,False,4,-21.161564,-19.229881
OTHER OFFENSE,6,False,1,-29.263506,-22.723469
BATTERY,11,False,3,35.066685,-41.55511
THEFT,22,False,3,21.046612,-17.207994
OTHER OFFENSE,20,False,2,-14.953922,-17.944298
ASSAULT,15,False,1,-57.863342,-30.585228
BATTERY,22,True,0,-15.074253,27.102058
BURGLARY,1,False,4,7.6487103,-53.253864
ASSAULT,3,True,2,-24.798412,50.981552
ASSAULT,12,False,4,31.54575,-48.153816
OTHER OFFENSE,3,True,5,-34.427975,59.17799
BATTERY,12,False,2,-60.95605,4.764149
CRIMINAL DAMAGE,18,False,5,48.249382,25.792778
CRIMINAL DAMAGE,1,True,0,4.988323,46.77748
BATTERY,21,False,4,-26.98962,5.4056096
THEFT,12,False,6,18.369505,-19.823938
BATTERY,12,True,1,-30.978664,28.240396
DECEPTIVE PRACTICE,12,False,4,11.012831,-34.853912
CRIMINAL DAMAGE,20,False,6,33.87815,-52.73572
THEFT,23,False,4,5.10402,-11.009625
OTHER OFFENSE,15,False,1,-39.234222,-26.012627
CRIMINAL DAMAGE,15,True,6,-20.501871,27.21602
BATTERY,17,False,6,32.35718,-50.042213
BURGLARY,4,False,5,-35.49956,-50.60131
THEFT,18,True,4,3.2903643,69.330345
OTHER OFFENSE,18,False,0,27.011114,-15.916141
CRIMINAL DAMAGE,4,False,4,-12.583257,7.67062
ROBBERY,18,False,4,-2.2724514,-60.40174
CRIMINAL DAMAGE,22,True,3,7.6254797,59.93161
CRIMINAL DAMAGE,4,False,0,42.546497,-35.61836
ROBBERY,7,False,3,20.966133,-40.42088
THEFT,1,False,0,30.473415,-10.916798
CRIMINAL DAMAGE,8,False,0,46.76423,-17.302637
MOTOR VEHICLE THEFT,21,True,4,-21.558418,76.44229
THEFT,2,False,1,-31.100256,-20.432373
BURGLARY,19,False,2,-12.521222,-72.47491
DECEPTIVE PRACTICE,14,False,0,41.4044,-18.259773
CRIMINAL DAMAGE,15,False,0,64.05162,14.746574
MOTOR VEHICLE THEFT,10,False,2,38.028816,22.718376
DECEPTIVE PRACTICE,10,True,0,16.096575,64.47654
OTHER OFFENSE,12,False,5,-50.22438,-7.7365994
CRIMINAL DAMAGE,20,False,4,-5.1746564,-38.370144
THEFT,14,False,5,-42.311855,-27.58104
BATTERY,19,False,2,-7.5250196,-67.54675
HOMICIDE,5,False,4,17.85016,-63.69433
THEFT,14,True,0,15.994076,69.0588
OTHER OFFENSE,18,False,4,-36.352463,-0.35038844
CRIMINAL DAMAGE,5,False,2,-15.511365,-58.81476
BURGLARY,6,True,5,-26.803795,60.72781
BATTERY,7,False,6,30.061066,-47.1505
ASSAULT,11,False,2,-44.75952,11.44813
NARCOTICS,13,False,5,37.477306,15.824775
OFFENSE INVOLVING CHILDREN,15,False,6,-21.624733,-2.1799881
CRIMINAL DAMAGE,19,False,0,41.740467,-17.887487
BATTERY,12,False,1,-57.87409,0.651363
BATTERY,0,False,5,34.944,13.662066
ASSAULT,10,False,1,-43.755363,-49.423664
CRIMINAL DAMAGE,0,False,4,44.92243,-28.351673
THEFT,11,True,4,-0.007464613,78.51337
MOTOR VEHICLE THEFT,16,False,1,-33.57743,-54.91929
DECEPTIVE PRACTICE,20,False,4,11.78555,-52.76313
DECEPTIVE PRACTICE,14,False,0,51.13382,-14.644285
THEFT,23,False,0,30.968761,1.1095041
ASSAULT,0,False,6,31.769123,-39.85833
BURGLARY,2,False,5,-24.713215,-40.884453
CRIMINAL DAMAGE,0,True,3,-2.0697534,49.046303
MOTOR VEHICLE THEFT,20,False,6,29.951378,-58.64968
THEFT,0,True,3,13.866388,79.05982
BATTERY,11,False,5,3.109984,21.086111
NARCOTICS,18,False,6,56.170593,15.419037
MOTOR VEHICLE THEFT,13,False,6,24.84026,-57.494392
CRIMINAL DAMAGE,18,True,3,7.332262,55.252552
THEFT,14,False,0,28.533817,-9.464117
CRIMINAL DAMAGE,21,False,3,37.545673,-35.818092
WEAPONS VIOLATION,1,False,2,-24.043177,-55.690853
CRIMINAL DAMAGE,13,False,3,47.721317,-43.95343
BURGLARY,21,True,2,-18.814705,69.32087
OTHER OFFENSE,9,False,2,-40.545628,-0.93444145
MOTOR VEHICLE THEFT,14,False,1,-45.930565,-41.85432
THEFT,20,False,1,-21.097532,-14.79737
MOTOR VEHICLE THEFT,5,True,1,-44.18587,51.497444
BATTERY,21,False,2,-61.399105,3.2087064
BATTERY,11,False,4,-6.5642633,-50.417313
CRIMINAL DAMAGE,16,True,3,7.4943924,55.043457
BATTERY,21,False,4,-57.697144,4.3603425
THEFT,13,True,4,-34.281094,51.40137
ASSAULT,0,True,3,1.8740121,50.334198
ROBBERY,23,False,0,21.958574,-58.83421
BATTERY,13,False,1,-22.032486,-68.42289
BATTERY,15,False,1,-23.04076,-44.16769
ASSAULT,22,False,0,60.32882,12.147529
CRIMINAL DAMAGE,6,False,4,14.232364,-50.06443
DECEPTIVE PRACTICE,16,False,1,-55.693832,-31.59741
CRIMINAL DAMAGE,12,False,4,6.3829803,-33.952812
OTHER OFFENSE,8,False,1,-35.6828,-22.736572
BATTERY,15,False,6,24.556938,-30.557344
BATTERY,18,True,2,-47.774517,29.218887
DECEPTIVE PRACTICE,0,False,4,24.062128,-24.918606
THEFT,19,False,6,8.819588,-4.911602
THEFT,16,False,5,42.014343,26.198734
THEFT,17,False,2,-23.184422,-20.399961
MOTOR VEHICLE THEFT,19,False,2,-12.682176,-68.83038
ASSAULT,15,False,3,44.2728,-48.156647
MOTOR VEHICLE THEFT,23,False,3,46.572304,-48.23922
THEFT,12,False,4,35.662304,-2.2402635
THEFT,2,False,0,30.270885,-10.499577
MOTOR VEHICLE THEFT,12,False,1,-32.285446,-53.419434
BATTERY,21,True,6,-8.147325,53.68522
BURGLARY,6,False,2,-12.540034,-43.424652
THEFT,4,True,3,12.974132,77.8087
ASSAULT,14,False,6,26.588236,-30.764406
BATTERY,2,False,2,3.0925589,19.766388
CRIMINAL DAMAGE,18,False,5,-41.45148,9.03024
BATTERY,15,False,1,-20.769379,-67.80601
ROBBERY,9,False,5,-29.127665,-56.029915
OTHER OFFENSE,10,False,5,-43.040314,-24.245161
MOTOR VEHICLE THEFT,0,False,1,-30.739187,-50.828873
CRIMINAL DAMAGE,19,False,0,35.120556,-33.291904
CRIMINAL TRESPASS,6,False,4,13.347454,-49.78643
BATTERY,15,False,2,-10.600573,-40.80864
THEFT,4,False,0,65.44775,19.846378
THEFT,12,False,4,29.671488,-2.1030545
THEFT,18,False,0,27.294123,-0.34241384
THEFT,0,False,4,-27.17366,-25.800224
THEFT,20,False,3,20.134577,-15.813438
MOTOR VEHICLE THEFT,23,False,4,26.693949,-57.047527
ASSAULT,16,False,2,-7.1357036,-67.85253
THEFT,16,False,4,-23.706589,-12.932575
MOTOR VEHICLE THEFT,3,False,5,-34.62407,-50.36651
ASSAULT,16,False,1,-41.90476,-51.457153
OTHER OFFENSE,17,False,6,12.130484,-5.164997
BURGLARY,23,True,4,-0.025392292,59.89924
THEFT,7,True,2,-35.829155,65.472664
CRIMINAL DAMAGE,16,False,2,-12.100188,-63.682053
MOTOR VEHICLE THEFT,18,False,1,-12.971259,-68.85738
THEFT,2,True,1,-33.767384,55.08926
BATTERY,3,True,6,-13.3977165,33.615616
DECEPTIVE PRACTICE,0,True,0,17.535355,63.747463
OTHER OFFENSE,12,False,5,-50.84695,-7.4800844
BATTERY,16,False,4,60.63206,13.5655775
DECEPTIVE PRACTICE,16,False,4,23.496445,-48.257275
BATTERY,1,False,2,-48.20758,8.871556
ROBBERY,23,False,2,-27.238335,-60.96887
CRIMINAL DAMAGE,21,True,2,-19.486965,71.765686
BATTERY,11,True,0,-17.634499,28.228603
ASSAULT,8,False,1,-44.34263,7.317077
THEFT,17,False,5,42.51406,25.868479
BURGLARY,4,True,6,-3.0708117,66.6989
OTHER OFFENSE,12,True,0,11.605997,66.625496
BURGLARY,22,False,4,29.667856,-55.76731
OTHER OFFENSE,20,False,5,-39.93747,-26.34302
OTHER OFFENSE,13,True,1,-42.465843,53.219475
BATTERY,23,False,6,26.448488,-33.20937
THEFT,17,False,4,66.20563,27.580692
OTHER OFFENSE,0,False,4,-7.655086,4.701195
OTHER OFFENSE,19,False,3,-3.288465,-1.4510812
THEFT,16,False,0,34.99075,-1.4068809
ASSAULT,16,False,4,11.227077,-56.599365
MOTOR VEHICLE THEFT,21,False,2,-12.093399,-68.158844
THEFT,20,False,6,20.550957,-8.498627
BATTERY,22,False,5,-39.565887,8.564983
ASSAULT,9,False,4,-5.013379,-53.292877
BATTERY,13,False,5,-39.013878,-51.38157
THEFT,17,True,4,10.3866005,67.51119
CRIMINAL DAMAGE,21,False,6,30.29133,-52.929882
BATTERY,16,False,2,-57.855915,3.4321709
BATTERY,16,False,0,-14.083132,11.879618
BURGLARY,22,False,0,40.344563,-49.49093
MOTOR VEHICLE THEFT,16,False,4,55.57766,-26.744572
ASSAULT,20,False,2,-15.446796,-65.55261
DECEPTIVE PRACTICE,16,False,6,29.019176,-20.540428
DECEPTIVE PRACTICE,7,True,2,-30.43626,64.24517
DECEPTIVE PRACTICE,16,False,2,-8.256433,-60.196114
SEX OFFENSE,17,False,3,50.480392,-48.951656
CRIMINAL DAMAGE,18,False,0,15.659335,11.237402
THEFT,13,False,6,23.399199,-13.174639
MOTOR VEHICLE THEFT,5,False,5,-33.928013,-51.247765
BATTERY,13,True,4,-31.559238,26.158731
THEFT,15,False,2,-24.460657,-17.66442
BURGLARY,10,True,4,1.1759018,55.7416
BATTERY,11,False,1,8.567909,18.369518
CRIMINAL TRESPASS,15,False,4,41.321407,15.731466
BATTERY,4,False,0,-15.358299,7.570095
CRIMINAL DAMAGE,17,False,2,-12.236348,-64.01616
OTHER OFFENSE,18,False,4,14.502855,-19.943245
CRIMINAL DAMAGE,20,False,3,45.740856,-45.90762
ASSAULT,15,False,6,36.548233,-48.0776
DECEPTIVE PRACTICE,0,False,6,20.80004,-44.84686
THEFT,19,False,4,-3.3598905,-12.416849
CRIMINAL TRESPASS,19,True,1,-35.88375,30.891525
BATTERY,15,False,4,29.707148,-54.447765
CRIMINAL TRESPASS,9,False,3,53.40098,13.622012
DECEPTIVE PRACTICE,13,True,3,5.0196953,53.84724
OTHER OFFENSE,0,False,1,-48.44212,-3.3250816
BATTERY,11,False,6,-19.47398,0.56160015
CRIMINAL DAMAGE,22,False,1,-14.307382,-36.873775
ASSAULT,23,False,0,54.099392,-23.66597
DECEPTIVE PRACTICE,16,True,6,5.3767424,61.50223
CRIMINAL DAMAGE,9,False,1,-15.424653,-39.10042
THEFT,20,False,0,33.720684,-1.6511338
BATTERY,19,False,2,8.771017,18.958214
BATTERY,23,False,0,-0.3831835,13.641634
BATTERY,14,False,3,35.656113,-41.546688
BURGLARY,23,False,1,-16.792274,-66.87167
BURGLARY,8,False,6,33.02307,-43.60304
OTHER OFFENSE,11,False,1,44.258266,24.7277
DECEPTIVE PRACTICE,19,False,0,50.74638,-16.01757
BATTERY,22,False,0,40.374393,-49.09501
OTHER OFFENSE,10,False,6,-5.637631,4.129707
DECEPTIVE PRACTICE,12,False,4,9.0725355,-50.53589
DECEPTIVE PRACTICE,8,False,4,21.712725,-24.385582
CRIMINAL SEXUAL ASSAULT,22,False,6,17.845562,-62.627872
BATTERY,10,False,5,-38.268806,-51.339767
OTHER OFFENSE,2,False,1,-40.213608,1.4291716
THEFT,21,False,4,30.989037,0.74491006
CRIMINAL DAMAGE,12,False,6,29.372747,-21.05814
ASSAULT,1,False,4,28.76,-44.741074
THEFT,6,False,4,13.103988,-10.1962185
OTHER OFFENSE,23,False,6,5.3221765,-14.002863
THEFT,0,True,2,-36.555878,68.088905
THEFT,17,False,3,16.265291,-3.2760456
THEFT,18,False,4,-23.436882,-17.037214
ASSAULT,9,False,6,-19.792103,3.5594509
BATTERY,9,False,0,11.710856,9.266334
THEFT,5,False,5,-35.281223,-25.513288
OTHER OFFENSE,12,True,2,-34.152218,32.639687
ROBBERY,10,False,1,-24.639507,-57.96838
CRIMINAL DAMAGE,17,False,6,26.222305,-51.52327
OTHER OFFENSE,2,True,5,15.070346,29.162527
MOTOR VEHICLE THEFT,23,False,2,-15.2817745,-71.80597
NARCOTICS,9,True,6,27.514414,41.173225
CRIMINAL DAMAGE,16,False,1,-55.245495,-33.0039
THEFT,7,False,4,9.99274,-11.480433
ARSON,3,True,6,2.1471972,53.123478
CRIMINAL DAMAGE,11,False,4,-6.5068455,-61.37448
DECEPTIVE PRACTICE,15,False,4,13.161911,-50.4152
CRIMINAL DAMAGE,2,False,2,45.47148,17.667614
BATTERY,6,False,1,-56.80906,1.1759044
THEFT,8,False,6,9.285181,-9.13491
BATTERY,23,False,1,-58.09696,-30.562428
MOTOR VEHICLE THEFT,19,False,3,42.258575,-51.83353
OTHER OFFENSE,22,True,3,12.790819,68.23534
BATTERY,2,True,6,1.8812327,51.36587
THEFT,0,False,5,-35.51912,-28.444698
BURGLARY,16,False,6,35.048717,-49.9492
BATTERY,21,True,1,-49.016552,28.584396
BATTERY,22,False,2,-45.32682,14.153615
BATTERY,8,True,6,-13.194232,32.875603
OTHER OFFENSE,10,False,0,32.534676,-3.8666322
ASSAULT,17,False,1,-19.783424,-65.7643
CRIMINAL DAMAGE,4,True,1,-26.819027,70.51074
THEFT,10,False,5,-43.924496,-24.803215
MOTOR VEHICLE THEFT,7,True,6,-2.7130592,57.903038
ASSAULT,2,False,6,43.04043,-39.09654
THEFT,9,False,1,-39.728107,0.44346735
DECEPTIVE PRACTICE,12,False,4,51.251987,-27.478313
ASSAULT,21,False,2,-63.74023,3.5536578
MOTOR VEHICLE THEFT,22,False,6,47.385326,-47.50215
MOTOR VEHICLE THEFT,20,False,2,-13.192096,-66.03363
BURGLARY,14,True,4,-1.8477961,65.38393
BATTERY,23,False,4,14.701515,-52.90055
BURGLARY,2,True,3,-1.8823231,48.708202
THEFT,11,False,0,36.77083,-3.904059
THEFT,21,False,2,-17.221695,-22.273527
WEAPONS VIOLATION,22,False,6,21.914543,-60.248947
CRIMINAL DAMAGE,21,True,2,-18.068512,70.45672
ASSAULT,16,True,3,-6.355908,53.79044
OTHER OFFENSE,9,False,2,-39.396233,0.6629312
OTHER OFFENSE,10,False,1,-41.70994,-1.3167713
BATTERY,2,False,2,-48.10823,7.2484555
BATTERY,23,True,3,-9.395937,28.331354
THEFT,13,False,2,-15.785751,-23.840652
THEFT,17,False,0,33.12867,-2.0505066
ASSAULT,18,True,6,-7.350743,53.530724
BATTERY,16,True,3,-6.5842667,52.144367
CRIMINAL SEXUAL ASSAULT,2,False,4,-21.240156,-0.42698187
OTHER OFFENSE,21,False,0,26.129744,-0.15088288
ROBBERY,22,True,2,-15.956474,71.31226
CRIMINAL DAMAGE,3,False,6,28.676105,-36.98789
BATTERY,15,False,6,32.806522,-47.020576
THEFT,9,True,1,-36.93966,66.00659
BATTERY,19,False,0,53.551983,-22.98881
THEFT,6,False,6,4.508322,-28.990124
CRIMINAL DAMAGE,10,False,1,-59.482174,4.2179637
DECEPTIVE PRACTICE,12,False,3,29.710955,-20.77482
MOTOR VEHICLE THEFT,19,True,2,-20.549776,75.345215
THEFT,12,False,5,42.783108,25.379416
BATTERY,13,False,1,-23.264412,-63.32385
BURGLARY,21,False,0,53.429375,-24.022356
THEFT,12,False,2,-47.50878,-5.3264155
THEFT,14,False,6,64.09783,29.140121
CRIMINAL DAMAGE,6,False,4,-12.613955,-52.222958
THEFT,10,False,6,9.619958,-12.485857
THEFT,7,True,3,12.583141,77.34657
MOTOR VEHICLE THEFT,17,True,4,-19.721745,64.289955
THEFT,14,True,2,-36.65075,64.52668
ROBBERY,3,True,6,2.0404525,43.26154
CRIMINAL DAMAGE,0,False,1,-54.35301,0.10251515
MOTOR VEHICLE THEFT,6,False,2,45.50765,18.28333
BATTERY,12,True,1,-45.838467,30.451586
NARCOTICS,14,False,3,57.74872,22.575603
MOTOR VEHICLE THEFT,3,False,1,-29.507086,-49.35082
BATTERY,13,False,4,-0.7056905,17.389015
NARCOTICS,14,True,0,24.818771,46.43243
DECEPTIVE PRACTICE,18,False,0,45.400276,-16.137825
THEFT,13,False,6,19.637478,-13.993993
DECEPTIVE PRACTICE,13,False,5,-38.838108,-41.00249
MOTOR VEHICLE THEFT,21,True,2,-20.36174,75.75327
THEFT,7,False,2,-27.02528,-20.766064
BURGLARY,21,False,4,-45.364956,-53.727932
MOTOR VEHICLE THEFT,23,False,5,47.84245,25.951338
THEFT,12,False,1,46.10423,21.547129
CRIMINAL DAMAGE,22,False,2,-7.2842364,-41.29566
CRIMINAL DAMAGE,4,True,5,-23.927052,56.328102
BATTERY,22,False,1,-19.14716,-35.97062
CRIMINAL DAMAGE,13,False,1,-18.207123,-42.184856
BATTERY,20,True,1,-45.36093,28.652584
BATTERY,18,False,1,-55.85721,-34.592983
BATTERY,22,True,1,7.186975,30.339893
MOTOR VEHICLE THEFT,18,True,6,-1.5330814,64.82892
MOTOR VEHICLE THEFT,11,True,2,-21.465183,72.9755
BATTERY,1,False,3,-18.385235,2.9847202
THEFT,9,True,4,2.575005,69.97175
CRIMINAL TRESPASS,19,False,0,40.071392,-51.142292
BATTERY,0,False,5,4.8714724,15.437688
BURGLARY,4,False,2,-12.291903,-54.580536
MOTOR VEHICLE THEFT,4,False,6,25.255102,-42.3001
THEFT,16,True,5,-39.61928,59.75496
MOTOR VEHICLE THEFT,21,False,5,-37.679543,-55.95998
CRIMINAL DAMAGE,19,True,3,7.4950285,59.947968
THEFT,22,True,2,-39.821465,64.83827
THEFT,15,False,4,30.329012,-4.7470846
THEFT,7,False,4,-4.8784404,-17.09716
ASSAULT,10,True,2,-48.38246,30.707539
MOTOR VEHICLE THEFT,22,False,4,42.69719,18.91708
MOTOR VEHICLE THEFT,3,True,0,3.866823,48.16198
THEFT,19,False,4,-24.187717,-15.486615
BATTERY,12,False,2,-59.246807,5.006093
THEFT,16,False,0,19.157026,11.38442
BURGLARY,5,False,4,-24.510048,-40.863216
OTHER OFFENSE,3,False,4,-9.110218,4.2434077
OTHER OFFENSE,12,False,0,-4.9506545,3.3219523
ASSAULT,1,True,6,-13.614669,33.56625
BATTERY,15,False,2,-43.948048,11.9673395
ASSAULT,13,True,1,-24.453588,69.33984
BATTERY,2,False,2,43.287018,13.607232
CRIMINAL DAMAGE,7,False,2,-13.970138,-58.328465
BATTERY,22,False,1,-44.53221,14.965132
BATTERY,15,True,2,-22.600319,63.697857
CRIMINAL DAMAGE,4,False,2,-14.891009,-56.396015
BATTERY,4,True,2,19.183624,35.597485
BATTERY,2,True,1,-46.22053,37.399025
PROSTITUTION,19,False,0,56.03651,16.545992
BATTERY,21,False,2,-41.989864,12.819034
THEFT,1,True,5,-33.37703,55.88305
MOTOR VEHICLE THEFT,0,False,2,-12.624802,-56.332317
BATTERY,0,True,1,-44.893185,32.66097
BATTERY,8,False,6,-19.710615,9.554489
THEFT,12,False,0,36.514576,-4.299046
ASSAULT,15,False,3,40.004375,-46.51372
ASSAULT,2,True,2,-28.54117,71.81628
CRIMINAL DAMAGE,2,False,2,-10.447767,-33.330555
THEFT,20,False,3,20.192362,-16.772257
BATTERY,17,False,0,43.594955,-19.859947
DECEPTIVE PRACTICE,0,False,4,-7.582193,-56.19607
CRIMINAL DAMAGE,16,False,0,38.817726,-18.302504
THEFT,9,False,2,-28.01845,-15.459631
OTHER OFFENSE,20,True,4,-15.694373,76.387024
BURGLARY,15,False,1,-16.62663,-39.91985
CRIMINAL TRESPASS,21,True,4,-16.184113,76.198616
BURGLARY,18,False,6,8.812782,-35.736412
DECEPTIVE PRACTICE,17,False,4,11.7049265,-52.574234
THEFT,15,False,4,-3.0711882,-13.013286
DECEPTIVE PRACTICE,10,True,0,7.2218213,52.49482
ASSAULT,20,False,6,-15.6554785,13.135684
BURGLARY,3,False,4,-12.854714,-51.97329
BURGLARY,6,False,4,-32.600975,-48.41881
ROBBERY,16,True,6,-2.987976,59.57498
OTHER OFFENSE,9,False,1,-34.796795,-21.747227
THEFT,9,False,0,34.608345,-3.5987988
BATTERY,23,False,6,-1.6119047,16.644058
ASSAULT,15,False,6,24.520222,-32.173077
MOTOR VEHICLE THEFT,18,False,4,26.211187,-56.85058
THEFT,17,False,0,7.204709,-12.025029
THEFT,0,True,1,-32.267292,55.208115
OTHER OFFENSE,12,False,4,18.136583,-18.78095
THEFT,17,False,6,7.2281084,-12.020299
BATTERY,16,False,2,-20.389532,-65.75498
BURGLARY,15,False,6,27.040375,-54.35345
THEFT,20,False,4,-20.540192,-16.45992
OTHER OFFENSE,17,False,1,41.137547,24.169142
THEFT,12,False,4,-19.955593,-16.966335
CRIMINAL TRESPASS,2,True,4,-28.874113,52.684853
BATTERY,10,False,6,-19.191149,1.2822381
PUBLIC PEACE VIOLATION,0,True,4,1.9926467,79.67689
BATTERY,3,True,0,-16.203438,33.989758
ASSAULT,17,False,4,13.924763,-53.481724
CRIMINAL DAMAGE,6,False,0,42.614273,-35.15156
ASSAULT,12,False,6,35.053024,-49.21933
MOTOR VEHICLE THEFT,12,False,6,26.669136,-43.84205
MOTOR VEHICLE THEFT,0,False,6,30.056738,-40.442562
THEFT,13,False,1,-28.1688,-17.841682
BATTERY,16,False,4,-22.286762,10.169314
MOTOR VEHICLE THEFT,22,True,2,-20.374218,69.17482
BATTERY,12,False,2,-9.251539,-43.8035
CRIMINAL DAMAGE,5,False,4,9.604846,-52.7832
BATTERY,21,False,2,-45.034836,15.016287
ASSAULT,10,False,5,-18.68813,-40.030197
MOTOR VEHICLE THEFT,21,True,4,25.201618,41.707375
OTHER OFFENSE,17,False,6,16.06749,-22.05074
NARCOTICS,16,False,6,20.346209,-20.66597
CRIMINAL DAMAGE,3,False,6,28.153578,-40.433674
BATTERY,22,False,2,-9.457833,-42.170094
MOTOR VEHICLE THEFT,12,False,5,-45.922924,-41.950954
DECEPTIVE PRACTICE,18,False,4,-7.6260653,-61.58087
BATTERY,15,True,4,-19.949104,26.14721
WEAPONS VIOLATION,19,True,6,33.737396,38.309296
PUBLIC PEACE VIOLATION,20,True,3,28.060127,45.929024
BATTERY,17,True,0,-17.878668,23.812885
BURGLARY,22,False,4,24.94228,-32.93753
BATTERY,19,False,2,-43.674625,13.028068
THEFT,12,False,6,7.42925,-6.819635
CRIMINAL DAMAGE,6,False,6,4.0739746,14.738388
ASSAULT,7,True,3,-1.7845913,47.87638
MOTOR VEHICLE THEFT,12,True,1,-43.717113,51.47907
MOTOR VEHICLE THEFT,5,False,4,7.6689744,-52.866398
THEFT,11,True,4,9.578752,69.03485
BATTERY,9,False,4,-19.672,3.4270236
MOTOR VEHICLE THEFT,23,False,4,40.329998,25.889612
THEFT,20,False,6,8.95301,-3.4603
CRIMINAL DAMAGE,3,True,5,-26.037523,55.733677
BATTERY,17,False,6,34.58705,-47.26528
THEFT,4,False,6,15.003933,-23.387152
DECEPTIVE PRACTICE,10,False,0,17.381992,9.417071
BATTERY,11,False,5,-45.209633,-50.09637
ASSAULT,9,False,6,58.977127,10.177536
ASSAULT,1,False,6,0.029881611,18.028193
THEFT,19,False,0,63.6058,18.105131
THEFT,15,False,2,-28.971375,-15.57542
THEFT,15,True,2,25.891464,29.707249
OTHER OFFENSE,21,False,3,9.009859,-3.2268794
DECEPTIVE PRACTICE,0,False,3,40.95341,-32.250767
OTHER OFFENSE,10,False,0,-4.85137,3.0621505
BATTERY,21,False,6,-2.159075,18.229412
OTHER OFFENSE,14,False,0,33.313385,-8.488621
THEFT,22,False,4,3.2520218,-27.975548
THEFT,9,True,5,-30.93691,55.485306
THEFT,0,False,5,-33.572525,-24.671848
CRIMINAL DAMAGE,10,False,2,-10.689527,-59.23981
ROBBERY,15,True,3,-8.607937,47.642918
NARCOTICS,13,False,2,41.88827,19.826605
CRIMINAL TRESPASS,23,True,0,8.525543,60.45409
BURGLARY,20,False,6,45.662327,-48.28135
CRIMINAL DAMAGE,14,False,6,24.112251,-53.171394
DECEPTIVE PRACTICE,14,False,5,-39.676014,-42.206413
BATTERY,15,False,2,-9.092505,-43.00677
BURGLARY,3,True,0,6.7788715,47.827663
CRIMINAL DAMAGE,9,False,2,-9.302583,-37.629963
CRIMINAL TRESPASS,12,True,1,23.42375,31.247217
THEFT,3,True,4,-38.143475,68.28627
THEFT,19,False,4,-3.0775013,-12.841458
BATTERY,15,False,0,-14.125793,9.475352
BATTERY,0,True,4,20.339392,40.82237
THEFT,17,False,4,28.303185,-0.084009975
CRIMINAL TRESPASS,10,False,4,63.587635,15.38437
CRIMINAL DAMAGE,8,False,1,-62.803528,7.290021
MOTOR VEHICLE THEFT,0,False,3,46.764404,-37.82843
OTHER OFFENSE,14,False,0,18.818033,10.930301
DECEPTIVE PRACTICE,0,True,3,-5.75936,49.55052
BATTERY,16,True,5,-21.64296,61.591213
BATTERY,14,False,3,38.455513,-38.276855
THEFT,15,True,0,16.850948,70.05838
ROBBERY,21,True,1,-15.47811,69.40536
THEFT,8,False,6,10.773607,-12.272558
THEFT,17,False,4,5.613287,-25.738281
ASSAULT,7,False,5,-45.791744,7.807143
ASSAULT,8,True,6,-19.552557,28.610607
THEFT,9,False,0,35.186832,-3.338945
ASSAULT,9,False,4,22.327951,-30.90288
MOTOR VEHICLE THEFT,23,False,6,26.78789,-58.18869
PUBLIC PEACE VIOLATION,12,True,6,7.9318404,75.30209
BURGLARY,20,False,4,35.283817,15.7008915
MOTOR VEHICLE THEFT,21,False,2,-13.738231,-73.40882
THEFT,14,False,4,36.730698,-1.2002765
ROBBERY,2,False,2,-24.558676,-57.048027
BATTERY,7,False,6,32.10286,-42.015827
CRIMINAL DAMAGE,14,False,5,-21.255743,-41.638237
BATTERY,20,False,4,-6.3007374,-68.86491
CRIMINAL DAMAGE,1,False,5,-27.526213,-42.760464
BATTERY,12,False,1,-55.788685,-34.565804
ASSAULT,16,False,2,-10.807538,-39.84997
BATTERY,16,False,3,37.065887,-46.888123
THEFT,17,False,1,-39.157246,-22.600174
THEFT,14,False,4,17.239538,-19.554312
MOTOR VEHICLE THEFT,12,False,6,20.418064,-21.170506
THEFT,20,False,0,31.076881,0.9183477
ASSAULT,11,True,1,-24.5197,69.361176
BATTERY,14,False,2,-19.483301,-68.69968
OTHER OFFENSE,0,False,2,-27.782925,-24.817657
BATTERY,8,True,5,23.981197,35.496983
BATTERY,1,True,0,6.7691603,48.412773
ASSAULT,2,False,0,44.191727,-26.094387
NARCOTICS,20,False,2,42.982197,19.492178
OFFENSE INVOLVING CHILDREN,15,False,4,20.468569,-63.43644
PUBLIC PEACE VIOLATION,22,True,6,28.790535,42.517174
ASSAULT,19,False,5,-59.349644,-0.24408889
BATTERY,12,False,4,-20.929018,11.63061
BATTERY,21,False,1,-64.02458,3.067053
INTERFERENCE WITH PUBLIC OFFICER,13,True,6,26.619,41.71296
MOTOR VEHICLE THEFT,10,False,1,-23.293419,-60.169125
THEFT,20,False,6,20.729622,-8.599687
BURGLARY,19,False,4,27.989647,-53.276863
THEFT,20,False,6,15.154818,-19.178562
ASSAULT,19,True,4,-5.509262,75.51427
ASSAULT,22,False,6,-21.10541,3.5967743
THEFT,10,False,5,47.315853,23.213078
MOTOR VEHICLE THEFT,0,False,1,-29.029705,-47.5306
BATTERY,22,True,4,-18.85407,26.87038
BATTERY,2,False,2,-57.724453,7.3221383
BATTERY,19,True,5,-35.96048,25.76233
BATTERY,11,True,4,-32.05193,26.202318
DECEPTIVE PRACTICE,11,False,3,38.455112,-31.546658
CRIMINAL DAMAGE,0,False,5,-34.132545,-44.41703
THEFT,18,True,6,10.573883,74.35337
ASSAULT,17,False,1,38.63938,28.37244
BURGLARY,19,True,2,-19.75831,70.423195
MOTOR VEHICLE THEFT,2,False,0,46.952965,-31.344593
ASSAULT,6,False,0,48.31515,-28.441906
THEFT,10,True,6,3.6100428,71.62411
STALKING,20,True,2,-29.698456,26.72906
BURGLARY,18,False,6,27.197414,-54.825916
ASSAULT,18,True,0,12.698686,51.627167
CRIMINAL DAMAGE,21,True,0,13.265243,52.756176
ROBBERY,0,False,4,53.653656,-34.97126
BATTERY,18,False,2,-17.759321,-66.478226
DECEPTIVE PRACTICE,0,False,0,44.966663,-30.435839
ROBBERY,10,False,1,-28.94545,-57.161194
OFFENSE INVOLVING CHILDREN,17,False,4,-37.139965,6.2869034
MOTOR VEHICLE THEFT,20,False,2,-12.994417,-66.05306
THEFT,9,True,6,12.801077,74.679924
THEFT,21,False,4,6.8508544,-5.255296
ASSAULT,18,False,4,47.786186,14.97482
THEFT,15,False,0,27.940432,-1.5905378
THEFT,10,False,6,9.906299,-13.776426
NARCOTICS,23,False,1,42.29298,22.888277
THEFT,22,True,4,14.09889,72.05031
BATTERY,5,False,0,45.434948,-25.226873
BATTERY,20,False,1,-43.06079,11.36265
NARCOTICS,11,True,4,-22.371,77.39766
ROBBERY,10,False,3,18.278292,-40.035873
MOTOR VEHICLE THEFT,6,False,5,-33.98695,-45.56185
THEFT,5,False,6,12.215866,-9.895548
CRIMINAL DAMAGE,11,False,3,40.960087,-45.029625
THEFT,2,False,1,-33.60237,-23.541468
ASSAULT,0,True,2,-28.628315,70.32598
CRIMINAL DAMAGE,18,False,3,37.898132,-36.465942
ASSAULT,20,False,5,-18.616611,-36.60217
ASSAULT,22,False,0,60.265594,11.807612
STALKING,2,True,1,-34.13071,34.06571
CRIMINAL DAMAGE,6,True,5,-26.367908,61.320618
BATTERY,3,False,1,-26.157614,-49.077393
BATTERY,15,False,2,-11.2476845,-38.630066
MOTOR VEHICLE THEFT,21,False,6,26.503725,-59.65231
OFFENSE INVOLVING CHILDREN,20,False,3,-20.466145,-3.1240559
OTHER OFFENSE,12,True,1,20.043455,29.227484
THEFT,22,False,4,-20.210155,-14.985862
CRIMINAL DAMAGE,6,False,4,24.043541,-44.541332
THEFT,10,False,2,-26.35811,-23.269285
NARCOTICS,11,False,1,37.570164,15.890899
ASSAULT,7,True,6,-19.453312,29.391222
THEFT,0,True,1,-36.28669,67.92505
CRIMINAL DAMAGE,12,True,6,1.3697724,47.11003
BATTERY,23,False,5,-40.279915,9.496071
OTHER OFFENSE,10,False,3,-3.6125727,14.38533
CRIMINAL DAMAGE,1,True,5,-44.18959,33.27209
MOTOR VEHICLE THEFT,20,False,1,-13.766567,-68.85214
THEFT,23,False,0,31.149832,2.471552
BURGLARY,20,True,3,7.526891,55.647743
CRIMINAL DAMAGE,5,True,6,-9.9621725,50.53515
THEFT,16,True,5,-38.867027,60.27936
BATTERY,1,False,0,-4.7520394,16.346952
DECEPTIVE PRACTICE,0,False,2,-9.234964,-33.483795
OTHER OFFENSE,16,False,3,20.301937,-5.693965
CRIMINAL DAMAGE,8,True,0,6.8376837,52.287106
ASSAULT,20,False,4,9.776264,-56.718426
OFFENSE INVOLVING CHILDREN,13,False,1,-62.799694,-2.7916346
CRIMINAL DAMAGE,0,False,5,-54.508232,-0.3933732
THEFT,12,False,0,65.09101,20.211058
THEFT,6,False,5,-35.61973,-22.025232
BATTERY,0,False,0,44.066647,-26.075548
BATTERY,8,False,6,32.898815,-42.171886
MOTOR VEHICLE THEFT,17,False,0,55.861565,-27.218298
OTHER OFFENSE,4,True,0,26.535011,46.985065
ASSAULT,12,False,1,-51.917885,3.256167
BATTERY,11,False,2,-47.88957,13.071908
WEAPONS VIOLATION,20,True,6,34.78788,39.84679
BATTERY,18,False,4,-5.2910643,-64.572235
THEFT,12,True,3,11.42308,79.97741
THEFT,14,False,2,-15.30129,-22.702848
NARCOTICS,16,True,6,24.156528,42.882145
PUBLIC PEACE VIOLATION,13,False,1,-28.988554,-21.614683
ROBBERY,15,False,4,5.557111,-41.06137
THEFT,12,False,1,-28.379305,-17.74278
NARCOTICS,15,False,0,64.23563,16.987347
WEAPONS VIOLATION,23,False,6,53.126804,31.643202
NARCOTICS,14,False,5,47.72966,23.391285
BATTERY,2,True,4,5.4594393,49.31606
MOTOR VEHICLE THEFT,22,True,3,8.022639,55.576927
ASSAULT,23,False,6,60.104843,12.024004
WEAPONS VIOLATION,22,True,6,33.689346,38.572235
THEFT,7,False,6,10.343875,-13.175469
BURGLARY,4,False,2,-13.726801,-44.18398
CRIMINAL TRESPASS,16,True,1,-44.08755,49.849865
OTHER OFFENSE,14,True,1,-35.04452,32.273396
THEFT,11,False,1,-17.37186,-27.704945
ASSAULT,10,False,5,-20.920488,-39.023766
OTHER OFFENSE,14,False,1,-17.559643,-27.696846
ASSAULT,17,True,4,-23.32409,74.15216
OTHER OFFENSE,23,False,5,-49.960976,-8.380515
MOTOR VEHICLE THEFT,8,True,2,-30.442728,71.226456
THEFT,14,False,5,-39.904343,-18.151802
BATTERY,0,False,4,7.633909,-53.823864
DECEPTIVE PRACTICE,7,False,6,22.76128,-23.856049
DECEPTIVE PRACTICE,0,False,0,25.569775,-22.870579
MOTOR VEHICLE THEFT,16,False,1,-11.318111,-67.893616
CRIMINAL DAMAGE,17,False,1,-56.372303,-31.548956
THEFT,11,False,5,-38.527153,-26.782013
CRIMINAL DAMAGE,16,True,2,-47.769943,28.860083
DECEPTIVE PRACTICE,11,False,0,36.748993,-19.700071
THEFT,10,False,0,33.755753,-9.012318
DECEPTIVE PRACTICE,14,False,2,-7.527937,-59.9119
DECEPTIVE PRACTICE,12,False,1,-54.791553,-32.091995
CRIMINAL SEXUAL ASSAULT,6,False,1,-19.542612,-45.11072
NARCOTICS,8,False,6,55.18855,21.532705
THEFT,6,False,0,20.3442,10.546124
BURGLARY,14,False,0,51.165237,-24.736052
BURGLARY,2,False,3,46.212013,-38.498055
THEFT,3,False,3,16.287153,-6.0167365
CRIMINAL DAMAGE,16,True,0,8.055989,52.562637
BATTERY,21,False,3,-20.329306,14.130223
THEFT,4,False,5,-35.050938,-25.008272
THEFT,20,False,5,-42.124786,-20.960257
BATTERY,15,False,3,-17.345852,0.10926396
OTHER OFFENSE,14,False,0,28.94923,-9.259683
NARCOTICS,16,False,3,59.13004,23.169746
THEFT,10,False,5,-18.630762,-28.130196
OTHER OFFENSE,13,False,2,-15.892837,-18.793867
CRIMINAL DAMAGE,15,False,6,27.575613,-28.768644
THEFT,10,False,0,7.6848526,-8.684229
CRIMINAL DAMAGE,3,False,4,28.682882,-38.495132
MOTOR VEHICLE THEFT,1,False,5,-30.100492,-44.58087
BATTERY,7,False,4,-6.7316546,-51.053196
THEFT,0,True,6,20.391792,74.23382
CRIMINAL DAMAGE,2,False,4,23.638876,-43.936943
OTHER OFFENSE,17,False,2,35.96312,25.89247
BURGLARY,2,False,4,44.42302,-26.852238
BATTERY,0,True,6,-19.151909,30.751492
SEX OFFENSE,0,True,6,5.7057967,44.323235
OTHER OFFENSE,21,True,3,11.988361,68.35049
MOTOR VEHICLE THEFT,14,True,6,23.697023,43.304016
CRIMINAL TRESPASS,8,False,6,-18.21263,9.007431
OTHER OFFENSE,12,False,5,-43.485344,-24.334436
ASSAULT,14,False,2,-6.2098045,-66.66006
BURGLARY,11,False,1,-20.837425,-36.18802
BURGLARY,5,False,0,49.457115,-29.881832
THEFT,15,False,4,61.57816,19.494873
CRIMINAL DAMAGE,11,True,2,-25.135313,72.79803
ASSAULT,11,False,3,35.017498,-41.60387
MOTOR VEHICLE THEFT,18,True,2,-20.341244,73.15284
CRIMINAL TRESPASS,15,False,6,17.105976,-28.295086
CRIMINAL DAMAGE,11,False,0,47.287693,-16.260065
THEFT,13,True,3,13.316871,75.56628
BURGLARY,20,True,1,-21.345774,64.63104
DECEPTIVE PRACTICE,9,False,4,-5.085182,-33.70986
THEFT,12,False,5,-43.398655,-21.763083
CRIMINAL DAMAGE,11,False,5,-37.21074,-41.74686
OTHER OFFENSE,16,False,0,-4.436805,3.7135787
THEFT,6,False,6,-7.527577,4.128598
ROBBERY,1,False,6,23.520958,-39.860935
CRIMINAL DAMAGE,20,True,1,-49.660557,28.55946
NARCOTICS,0,False,6,55.865955,19.586893
BATTERY,14,True,2,-33.30039,24.674757
BATTERY,23,False,5,-21.47303,-37.989952
CRIMINAL TRESPASS,5,False,4,35.897625,-21.795618
BATTERY,16,True,5,6.622349,27.047426
BATTERY,19,False,5,-18.87486,-37.843235
DECEPTIVE PRACTICE,1,True,6,1.4274043,47.732582
BURGLARY,3,True,3,-1.0752747,47.904507
BATTERY,13,False,3,70.553795,-7.7017784
OTHER OFFENSE,22,False,5,42.384624,23.96409
THEFT,19,False,0,26.39044,-0.3439246
WEAPONS VIOLATION,23,False,6,52.89103,31.291048
THEFT,18,True,0,25.083223,45.53618
THEFT,9,False,3,22.45111,-11.266313
NARCOTICS,11,False,3,54.1141,13.55883
THEFT,0,False,2,-32.34064,-25.218794
THEFT,9,False,6,22.846075,-13.149207
CRIMINAL DAMAGE,18,False,2,-11.971572,-62.338783
NARCOTICS,14,False,0,64.18527,16.943472
ASSAULT,13,True,2,-22.684395,74.52472
DECEPTIVE PRACTICE,16,False,5,-38.130272,-45.79795
BURGLARY,1,False,3,46.218857,-39.529003
CRIMINAL DAMAGE,2,True,6,-1.9759716,51.923244
THEFT,15,False,4,61.440983,19.71473
BATTERY,6,False,6,-19.564583,9.661072
CRIMINAL TRESPASS,13,False,6,29.354893,-21.268906
CRIMINAL DAMAGE,16,False,2,-10.232656,-63.58234
THEFT,17,False,3,13.433724,-3.4698784
OTHER OFFENSE,16,False,4,-23.258112,-16.903595
CRIMINAL SEXUAL ASSAULT,19,False,1,-58.633114,-30.58194
BATTERY,18,False,0,-14.637336,11.878341
CRIMINAL DAMAGE,0,True,2,-30.31002,69.10416
BATTERY,5,True,2,-33.537994,27.813967
CRIMINAL DAMAGE,23,False,1,-63.399822,0.17646332
CRIMINAL TRESPASS,6,False,6,25.610382,-36.804577
ASSAULT,13,True,6,-19.065825,27.915861
PUBLIC PEACE VIOLATION,13,False,4,-6.582978,-5.2218285
THEFT,23,False,4,6.854245,-5.164401
ASSAULT,12,False,3,37.700264,-39.331383
BATTERY,18,False,4,-15.476282,11.638954
ASSAULT,0,False,5,3.425176,20.293673
CRIMINAL DAMAGE,15,True,5,-20.190556,63.532307
WEAPONS VIOLATION,13,True,2,-16.279987,71.7143
BATTERY,16,True,1,22.172739,34.3003
OTHER OFFENSE,0,False,6,-5.7171936,4.231713
BATTERY,9,True,0,8.13356,49.19677
ASSAULT,0,False,5,-32.24939,-42.469727
PUBLIC PEACE VIOLATION,13,False,2,38.46911,18.207294
THEFT,0,False,4,8.68497,-25.809513
CRIMINAL DAMAGE,0,True,3,-1.1360017,51.221745
MOTOR VEHICLE THEFT,22,False,4,52.75319,-17.771185
MOTOR VEHICLE THEFT,23,False,5,-38.192047,-56.027893
BATTERY,10,False,2,-44.576603,10.573622
BATTERY,22,False,4,49.061268,-22.266556
THEFT,12,True,3,11.740687,77.62671
ASSAULT,19,False,2,-45.490498,14.879118
CRIMINAL TRESPASS,12,False,6,25.539967,-53.38764
BATTERY,18,True,3,-10.433565,28.461542
MOTOR VEHICLE THEFT,6,False,1,-29.328018,-48.42437
OTHER OFFENSE,20,True,1,-35.93383,31.5988
BATTERY,17,True,6,3.0170596,58.509323
CRIMINAL DAMAGE,14,False,4,51.205296,-26.71223
KIDNAPPING,17,False,0,-12.717338,12.501726
NARCOTICS,11,False,1,40.39689,24.792885
MOTOR VEHICLE THEFT,22,False,0,53.238415,-19.763151
ASSAULT,11,False,2,-22.16057,-67.1015
THEFT,17,False,4,-6.9942427,-5.3743577
CRIMINAL DAMAGE,23,True,2,-26.88886,49.82111
MOTOR VEHICLE THEFT,18,True,5,-17.394455,62.147247
THEFT,9,False,2,-25.625443,-21.802578
THEFT,0,False,0,9.697623,-26.546505
CRIMINAL TRESPASS,22,False,2,39.57882,18.066484
WEAPONS VIOLATION,19,True,1,32.76862,35.274204
BURGLARY,18,True,4,-22.502625,75.623634
DECEPTIVE PRACTICE,15,False,5,-39.37278,-42.92415
BURGLARY,22,False,6,36.48826,-53.921856
BATTERY,23,False,6,-15.214675,12.882745
THEFT,19,False,6,8.432853,-5.393216
CRIMINAL DAMAGE,9,True,3,-18.245127,28.695515
OFFENSE INVOLVING CHILDREN,0,False,2,-19.736706,-49.83675
BURGLARY,17,False,0,54.279972,-26.376743
BATTERY,4,False,2,-13.267262,-43.756092
THEFT,0,False,0,30.36694,-12.072025
BATTERY,4,True,1,4.5260134,30.083889
CRIMINAL DAMAGE,20,False,2,-11.221833,-64.70957
CRIMINAL DAMAGE,17,False,2,-10.969179,-64.16076
THEFT,22,True,5,-40.170937,59.655567
MOTOR VEHICLE THEFT,10,False,4,25.974344,-43.855022
BURGLARY,20,False,4,29.098066,-51.263577
CRIMINAL DAMAGE,22,False,5,-63.10028,0.08441512
MOTOR VEHICLE THEFT,22,True,2,-19.982634,72.435036
CRIMINAL DAMAGE,15,True,6,9.232202,55.622746
ROBBERY,9,False,6,3.548565,15.884181
CRIMINAL TRESPASS,11,True,1,25.01779,33.994263
BURGLARY,13,True,0,17.02983,15.556054
OTHER OFFENSE,17,False,2,-22.23935,-20.009794
ASSAULT,5,False,3,-17.72508,-1.6384479
BURGLARY,2,True,3,-1.0897553,49.953262
ASSAULT,11,False,6,57.598537,9.595723
OTHER OFFENSE,13,True,6,8.7018175,67.92325
DECEPTIVE PRACTICE,8,False,6,29.052443,-21.585808
ASSAULT,21,False,4,33.565086,15.756935
WEAPONS VIOLATION,23,True,4,33.423676,35.39514
SEX OFFENSE,0,False,4,-19.987759,-47.98777
ASSAULT,6,False,1,-62.77285,6.614475
ASSAULT,21,False,4,44.9695,-21.057716
MOTOR VEHICLE THEFT,2,False,3,41.724873,-36.878834
WEAPONS VIOLATION,2,False,3,21.009687,-40.413364
CRIMINAL TRESPASS,11,False,4,63.658173,15.306411
THEFT,18,False,6,14.600325,-18.11423
CRIMINAL DAMAGE,11,False,4,52.453327,-28.873505
CRIMINAL DAMAGE,1,True,6,-19.577099,31.018812
WEAPONS VIOLATION,12,False,6,21.007576,-59.87273
BATTERY,19,False,1,-60.268303,0.04693355
MOTOR VEHICLE THEFT,3,True,6,-1.0551356,53.86271
BATTERY,16,False,4,6.2778263,-36.770557
PUBLIC PEACE VIOLATION,22,False,1,39.75821,21.966812
ROBBERY,18,False,4,-1.9175617,-44.945694
CRIMINAL DAMAGE,10,False,1,-20.569212,-41.813152
ASSAULT,18,False,3,37.29989,-39.25934
THEFT,17,True,2,-39.486786,65.328255
BATTERY,16,False,4,-10.611864,-42.670383
MOTOR VEHICLE THEFT,7,True,6,-0.57953286,54.859615
INTERFERENCE WITH PUBLIC OFFICER,15,True,3,27.578058,45.031425
BATTERY,17,False,6,-1.2825148,17.876104
ASSAULT,17,False,3,39.178093,-47.832233
BATTERY,4,True,4,-18.233664,59.73509
THEFT,12,True,6,8.350664,75.19466
MOTOR VEHICLE THEFT,14,False,4,12.020217,-57.5208
STALKING,19,False,4,-35.26072,5.674315
CRIMINAL DAMAGE,0,False,0,46.340763,-30.19409
THEFT,23,False,5,-41.494682,-23.159895
OTHER OFFENSE,21,False,0,9.024117,-3.0672126
BATTERY,21,False,0,43.931557,-19.990837
ASSAULT,12,False,0,63.40623,12.55427
OTHER OFFENSE,12,False,1,-56.27306,-9.2204485
BATTERY,6,False,4,49.10935,-30.942804
OTHER OFFENSE,19,False,2,-26.339867,-16.576214
ASSAULT,10,False,1,-19.757837,-61.611473
OTHER OFFENSE,19,True,6,27.867054,45.062233
THEFT,11,False,2,-25.40016,-23.153605
THEFT,10,True,4,0.84720546,78.923035
ASSAULT,23,False,0,23.61392,8.964542
MOTOR VEHICLE THEFT,16,False,0,52.197872,-24.842602
THEFT,14,False,0,28.759705,-7.2366886
DECEPTIVE PRACTICE,7,False,0,50.65675,-27.742542
MOTOR VEHICLE THEFT,14,False,6,25.542826,-56.52895
